name,model_type,hidden_size,learning_rate,num_episodes,epsilon,online_learning_rate,memory_size,entropy_coefficient,training_agent_names,num_training_agents,cooperation_rate,retaliation_rate,forgiveness_rate,win_rate,avg_points_per_round,avg_score_per_game,score_variance,training_agents
Bot_1,LSTM,19,0.012543352916591519,38,0.1232020652321177,0.08147423671125674,11,0.0023571739577426466,"Pavlov,AlwaysDefect,Opposite,MajorityRule,TitforTat,TitForTwoTats,TwoTitsForTat,AlwaysCooperate",8,0.06331658291457286,0.9104396598516374,0.9059829059829059,0.3220338983050847,1.2222780569514238,244.11864406779662,3950.3757540936517,8
Bot_2,LSTM,15,0.021199214232165094,40,0.1856315977563558,0.19233076461820953,14,0.0022478910765888578,"TitforTat,Random,TwoTitsForTat,Pavlov,GrimTrigger,AlwaysDefect",6,0.034170854271356785,0.8657595450852965,0.3422459893048128,0.4576271186440678,1.6603015075376883,326.1864406779661,20517.64320597529,6
Bot_3,LSTM,23,0.007815007311522702,42,0.1980298663491309,0.072539101248623,11,0.0031869680812690905,"TitForTwoTats,TitforTat,AlwaysDefect,GrimTrigger,Opposite,AlwaysCooperate",6,0.12613065326633166,0.8133614088820827,0.6712962962962964,0.2542372881355932,1.3629815745393634,271.5593220338983,21938.754955472567,6
Bot_4,RNN,29,0.012634746127055646,43,0.1247231802861359,0.05740759508973172,12,0.006521660136341177,"Opposite,AlwaysCooperate,MajorityRule,Pavlov,AlwaysDefect,Random,GrimTrigger,TitforTat",8,0.2370184254606365,0.7095049504950495,0.8635204081632654,0.13559322033898305,1.3418760469011726,268.93220338983053,23908.436081585754,8
Bot_5,RNN,18,0.019511251579155283,48,0.06468011603386024,0.10632681016481896,20,0.004467006567296869,"Pavlov,MajorityRule,Opposite",3,0.1443886097152429,0.8038801383019593,0.7866666666666667,0.2033898305084746,1.352428810720268,257.8474576271187,14827.824188451592,3
Bot_6,LSTM,14,0.025612919880224065,27,0.17773729868967747,0.12350087648088362,14,0.001928406792629923,"Pavlov,AlwaysDefect,TitForTwoTats",3,0.09899497487437187,0.8091880341880342,0.6956521739130435,0.3389830508474576,1.7425460636515913,343.33898305084745,38166.495259982774,3
Bot_7,RNN,18,0.03752544359077358,42,0.0638593373885595,0.1784421966930857,13,0.0025116466065246874,"MajorityRule,AlwaysDefect,AlwaysCooperate",3,0.1728643216080402,0.7721133726459958,0.8690807799442898,0.23728813559322035,1.2785594639865996,255.0677966101695,6818.673369721346,3
Bot_8,LSTM,29,0.008612520749167569,21,0.12095859087225828,0.1289174513939086,15,0.0030033457578964467,"Pavlov,TitforTat,Random,TitForTwoTats,AlwaysDefect",5,0.03333333333333333,0.8813256598531455,0.5052083333333333,0.423728813559322,1.5844221105527638,316.89830508474574,28038.532031025567,5
Bot_9,RNN,23,0.01779040993960299,37,0.15748883195023466,0.08909931010419914,20,0.00883279053838405,"Pavlov,MajorityRule,Random,TwoTitsForTat,TitforTat",5,0.22646566164154103,0.7165818921668362,0.9134615384615384,0.1694915254237288,1.4268006700167504,285.96610169491527,19354.303935650674,5
Bot_10,LSTM,27,0.006404676883413861,28,0.0742013515060278,0.08852143296472663,18,0.0012985698029463306,"GrimTrigger,AlwaysDefect,Random,TitForTwoTats,TitforTat,AlwaysCooperate",6,0.14321608040201006,0.7668024439918534,0.32217573221757323,0.3728813559322034,1.5495812395309883,312.66101694915255,33750.22407354209,6
Bot_11,LSTM,16,0.0065925527233903465,40,0.10601176437434492,0.053838677884423564,17,0.001760939569895353,"AlwaysDefect,MajorityRule,Opposite,Pavlov,AlwaysCooperate,TitforTat",6,0.05494137353433836,0.888037928519329,0.8391608391608392,0.288135593220339,1.2651591289782245,252.15254237288136,5422.3665613329495,6
Bot_12,RNN,26,0.044058585824585814,46,0.1620570457837069,0.09664926837342425,10,0.00927027241010963,"GrimTrigger,TwoTitsForTat,AlwaysCooperate,Opposite",4,0.2284757118927973,0.700920245398773,0.9164759725400458,0.22033898305084745,1.2499162479061976,249.08474576271186,11917.806377477735,4
Bot_13,LSTM,19,0.02067176511563834,46,0.14308213086688315,0.061596515414724946,10,0.005243345200265329,"TwoTitsForTat,GrimTrigger,MajorityRule,AlwaysDefect,Opposite,AlwaysCooperate,Random",7,0.024120603015075376,0.939529457515069,1.0,0.3728813559322034,1.522110552763819,298.5593220338983,27991.093938523412,7
Bot_14,LSTM,9,0.022100260660666882,47,0.12025428574937327,0.1017216863258053,17,0.0023696199167507013,"AlwaysDefect,AlwaysCooperate,MajorityRule,TitForTwoTats",4,0.0763819095477387,0.8694502172680899,0.7539682539682538,0.288135593220339,1.363819095477387,272.06779661016947,10074.57167480609,4
Bot_15,LSTM,29,0.02003170428330759,25,0.06733347541723514,0.11418518826574893,18,0.0033431139842851954,"GrimTrigger,AlwaysCooperate,AlwaysDefect",3,0.019430485762144054,0.9132712456344587,0.5094339622641509,0.3898305084745763,1.5244556113902847,303.6271186440678,27949.11519678253,3
Bot_16,RNN,19,0.02978076763709491,46,0.1785488084365574,0.05916606321938514,10,0.0020982856463806444,"Random,Opposite,GrimTrigger,Pavlov,TitForTwoTats,AlwaysCooperate,TitforTat,TwoTitsForTat",8,0.23450586264656617,0.6837502542200529,0.7931488801054019,0.1694915254237288,1.4289782244556113,285.3898305084746,19280.814133869575,8
Bot_17,RNN,10,0.0076643549298504214,48,0.11778312602352324,0.13797617319932318,16,0.001174720133881621,"MajorityRule,Opposite,TwoTitsForTat,GrimTrigger,AlwaysCooperate",5,0.1254606365159129,0.8261682242990654,0.7289879931389365,0.2033898305084746,1.620603015075377,323.6271186440678,40449.8609594944,5
Bot_18,RNN,17,0.04358030410805249,21,0.1831509260222834,0.07392247258138307,12,0.0011570258761636277,"TwoTitsForTat,Pavlov,AlwaysDefect",3,0.19262981574539365,0.7593582887700535,0.9297619047619048,0.06779661016949153,1.156113902847571,229.98305084745763,4216.118356794024,3
Bot_19,RNN,20,0.014139433876161072,28,0.07006595646851124,0.07799372031565213,20,0.0041252674314021,"AlwaysCooperate,MajorityRule,AlwaysDefect,GrimTrigger,TitforTat,TitForTwoTats",6,0.2050251256281407,0.748171760735046,0.8636363636363636,0.13559322033898305,1.199497487437186,239.77966101694915,9793.256535478311,6
Bot_20,RNN,30,0.02276901667127927,20,0.16700576229588188,0.05567408564409301,18,0.004398101436781153,"TitForTwoTats,Random,AlwaysDefect,MajorityRule,GrimTrigger,AlwaysCooperate,TwoTitsForTat",7,0.19765494137353434,0.7340567294879117,0.857843137254902,0.13559322033898305,1.2631490787269681,252.45762711864407,9938.451594369435,7
Bot_21,LSTM,26,0.021248839679378392,38,0.1774046006683081,0.1616240364442084,11,0.009909663480342088,"Opposite,Pavlov,MajorityRule,TwoTitsForTat,Random,TitforTat",6,0.0016750418760469012,0.9184695512820513,0.5333333333333333,0.4745762711864407,1.652931323283082,329.9830508474576,31559.711577133006,6
Bot_22,LSTM,29,0.03493825307289754,29,0.1001473559887914,0.11043223131962689,15,0.009080077470441124,"MajorityRule,Opposite,Random,GrimTrigger,AlwaysCooperate,AlwaysDefect,TwoTitsForTat,TitForTwoTats",8,0.11591289782244556,0.8259730538922155,0.9080459770114941,0.288135593220339,1.2860971524288107,255.72881355932202,2536.6722206262575,8
Bot_23,RNN,29,0.01302219764425751,50,0.16590160554081979,0.07566032576673222,14,0.0012464645967684073,"AlwaysDefect,MajorityRule,TitForTwoTats",3,0.39011725293132327,0.526772165618903,0.9096916299559472,0.1016949152542373,1.431323283082077,287.0169491525424,36084.76242459063,3
Bot_24,RNN,25,0.018487419139947017,33,0.07072480167719489,0.10988763011731731,14,0.0016918489293957248,"Pavlov,GrimTrigger,AlwaysCooperate,Opposite",4,0.23618090452261306,0.6391378574477166,0.8631578947368421,0.2711864406779661,1.5845896147403684,315.96610169491527,39102.032749210004,4
Bot_25,LSTM,26,0.031330653754161164,28,0.16665314690696365,0.11478273661881735,10,0.0038362956795245555,"AlwaysCooperate,TitForTwoTats,MajorityRule,Opposite,Pavlov,GrimTrigger",6,0.04623115577889447,0.8566959921798631,0.8256880733944955,0.3898305084745763,1.5229480737018426,304.3050847457627,16457.87302499282,6
Bot_26,RNN,10,0.025018381684559877,41,0.1564107599031705,0.13352344290950655,16,0.0032528683828985583,"TitForTwoTats,AlwaysDefect,Pavlov",3,0.16917922948073702,0.7009012785579543,0.8129251700680272,0.2711864406779661,1.5829145728643217,313.0508474576271,15072.794024705545,3
Bot_27,LSTM,27,0.04039217919436504,47,0.1452701457209451,0.08767231612093822,17,0.0024548801815964904,"TitforTat,AlwaysCooperate,TitForTwoTats,AlwaysDefect,TwoTitsForTat,Pavlov,Opposite",7,0.015912897822445562,0.9280742459396751,0.5463917525773195,0.4576271186440678,1.5139028475711893,302.135593220339,12243.507038207414,7
Bot_28,LSTM,18,0.038873409176279426,21,0.17558988334237396,0.06912487603936694,19,0.009309041356129035,"AlwaysCooperate,TitForTwoTats,TwoTitsForTat,MajorityRule",4,0.15142378559463987,0.7783018867924528,0.7520891364902508,0.1694915254237288,1.278391959798995,251.79661016949152,12315.551852915827,4
Bot_29,LSTM,29,0.011428717991626694,35,0.0671131194122948,0.1675694580504735,10,0.001730925409228811,"TitforTat,AlwaysCooperate,Random,AlwaysDefect,MajorityRule,Opposite,TwoTitsForTat,TitForTwoTats",8,0.002512562814070352,0.9487179487179487,0.6842105263157894,0.4576271186440678,1.390787269681742,277.54237288135596,20383.671933352492,8
Bot_30,LSTM,28,0.00642870968846918,26,0.15173722605661977,0.058559892099228926,16,0.009206630584246103,"Random,GrimTrigger,AlwaysDefect,TwoTitsForTat,AlwaysCooperate,MajorityRule",6,0.09346733668341708,0.8442926829268292,0.5147679324894515,0.3050847457627119,1.4457286432160803,288.9830508474576,16672.15225509911,6
Bot_31,LSTM,11,0.010241801755450223,27,0.17159021901992813,0.0890669816377251,11,0.009750479240452579,"MajorityRule,AlwaysDefect,Pavlov,GrimTrigger",4,0.14606365159128978,0.7617534942820838,0.6755725190839695,0.23728813559322035,1.6653266331658292,333.89830508474574,25504.735420856076,4
Bot_32,RNN,23,0.02010025483471084,27,0.08518853210993194,0.05259522378059715,15,0.001117364915084444,"TwoTitsForTat,Opposite,AlwaysCooperate",3,0.22596314907872697,0.7439298561151079,0.8093525179856116,0.22033898305084745,1.7073701842546063,340.96610169491527,41614.13444412524,3
Bot_33,RNN,15,0.03857853044791075,48,0.11259764761162082,0.05757976179377768,10,0.0017872172512949562,"AlwaysDefect,Opposite,TwoTitsForTat,MajorityRule,AlwaysCooperate,TitforTat",6,0.02864321608040201,0.9041280864197531,0.6666666666666666,0.3728813559322034,1.4938023450586264,298.864406779661,6243.371444987074,6
Bot_34,RNN,13,0.029166956008432745,28,0.1343009920598494,0.10113202946126654,14,0.004730219870771445,"TitForTwoTats,Random,TwoTitsForTat,AlwaysCooperate,AlwaysDefect,Opposite",6,0.15209380234505862,0.7733860342555995,0.9028475711892796,0.13559322033898305,1.2693467336683417,253.6949152542373,8153.669635162309,6
Bot_35,RNN,11,0.049401944476994336,24,0.1816312647155479,0.13061042124477018,20,0.006564621883781799,"GrimTrigger,AlwaysCooperate,AlwaysDefect,Random,TitForTwoTats,Pavlov",6,0.18073701842546064,0.7849302325581395,0.8223443223443224,0.11864406779661017,1.1966499162479063,236.16949152542372,9025.462798046538,6
Bot_36,LSTM,22,0.024085787279834726,40,0.06501437087486484,0.19161130391534922,15,0.0019096334813474886,"TitForTwoTats,MajorityRule,TitforTat,Random,GrimTrigger,Pavlov,AlwaysCooperate,TwoTitsForTat",8,0.023785594639865997,0.9181801160831305,0.6447368421052632,0.4406779661016949,1.3939698492462311,276.864406779661,10638.829072105716,8
Bot_37,RNN,10,0.011801985243712095,33,0.13388679085843574,0.09496535554244129,19,0.0062031945575235035,"AlwaysCooperate,AlwaysDefect,GrimTrigger,Opposite,TwoTitsForTat,MajorityRule,Pavlov,TitForTwoTats",8,0.14338358458961473,0.7969432314410481,0.765112262521589,0.1864406779661017,1.4576214405360135,291.1186440677966,18738.545245619072,8
Bot_38,RNN,32,0.016825718541167406,36,0.13996748734297046,0.0570454930128712,14,0.0036183043696937965,"MajorityRule,TwoTitsForTat,Opposite,Random",4,0.2549413735343384,0.6930091185410334,0.8831562974203339,0.1016949152542373,1.376214405360134,274.0508474576271,17874.48893995978,4
Bot_39,RNN,24,0.02474148247909053,39,0.09140413281406967,0.05244359710187089,17,0.003978786274840548,"AlwaysDefect,Opposite,Random",3,0.14338358458961473,0.8051484404359264,0.8859315589353612,0.11864406779661017,1.2721943048576214,253.98305084745763,5354.321746624533,3
Bot_40,LSTM,18,0.04488792205193902,29,0.08659485255376415,0.08159353665545661,15,0.004149351034400635,"AlwaysDefect,TitForTwoTats,Opposite,TwoTitsForTat,AlwaysCooperate",5,0.14187604690117253,0.7473256311510483,0.6172839506172839,0.288135593220339,1.697822445561139,337.64406779661016,47091.58517667336,5
Bot_41,RNN,21,0.018845376302109702,28,0.09665390974751442,0.058832932381932206,12,0.004827852923343431,"MajorityRule,TitforTat,AlwaysCooperate",3,0.17537688442211055,0.7585779247622985,0.8371104815864022,0.1864406779661017,1.5512562814070352,305.52542372881356,31343.469692617058,3
Bot_42,LSTM,13,0.03138699597353149,47,0.13762333848870772,0.07895211162876019,18,0.009199143619774995,"Random,TwoTitsForTat,Opposite,AlwaysCooperate",4,0.21239530988274707,0.7018016152412507,0.7240437158469945,0.2033898305084746,1.5068676716917924,301.7118644067797,14952.103418557886,4
Bot_43,RNN,26,0.019942760589321207,29,0.16117326788655714,0.06302080867619025,17,0.002019684585601431,"Pavlov,Opposite,MajorityRule",3,0.1659966499162479,0.7658721788652183,0.8074204946996467,0.23728813559322035,1.625460636515913,325.49152542372883,45064.826199368,3
Bot_44,RNN,23,0.03730991547055298,29,0.1631918582980445,0.08660244237670021,13,0.0012664656956832407,"TwoTitsForTat,AlwaysCooperate,TitforTat",3,0.13115577889447236,0.8030648167322427,0.7123015873015872,0.2542372881355932,1.5998324958123953,319.52542372881356,26145.43579431198,3
Bot_45,RNN,10,0.030554139947308868,25,0.08123856918640428,0.117687779944742,10,0.004882060706389126,"GrimTrigger,Pavlov,TitForTwoTats,AlwaysCooperate",4,0.18257956448911222,0.7716211156870086,0.8526315789473685,0.11864406779661017,1.2127303182579565,242.3050847457627,5406.2798046538355,4
Bot_46,RNN,13,0.02987520673471847,41,0.17213678483409978,0.1240035702004023,17,0.00266594532398314,"TwoTitsForTat,Opposite,GrimTrigger,TitforTat,AlwaysDefect,TitForTwoTats,AlwaysCooperate",7,0.13149078726968175,0.8172492401215805,0.8311688311688312,0.1864406779661017,1.3314907872696817,264.79661016949154,20550.568802068377,7
Bot_47,LSTM,30,0.010487257809721196,22,0.12256359720764692,0.06738956721355077,12,0.0022815808163577176,"Opposite,TitForTwoTats,GrimTrigger,Random",4,0.008040201005025126,0.9218425523881443,0.7352941176470589,0.4067796610169492,1.4412060301507537,285.91525423728814,12352.857224935362,4
Bot_48,RNN,26,0.030811843393426883,22,0.1686164750408835,0.1036846268331268,17,0.0011846499370025327,"TwoTitsForTat,Opposite,MajorityRule",3,0.0,0.9550230414746543,0.0,0.4745762711864407,1.3651591289782246,272.89830508474574,7520.7354208560755,3
Bot_49,RNN,16,0.02637968279794241,25,0.05666445377212614,0.10004299360372265,12,0.002340291065152663,"GrimTrigger,MajorityRule,Opposite,Random,TitforTat,TitForTwoTats,TwoTitsForTat",7,0.18609715242881072,0.7529092319627618,0.8944723618090452,0.15254237288135594,1.332328308207705,265.96610169491527,11100.812410226945,7
Bot_50,LSTM,24,0.04096126033174302,24,0.1792751215637131,0.1312715471515216,17,0.009905260494604015,"TitForTwoTats,AlwaysDefect,GrimTrigger,Random,Opposite,MajorityRule,Pavlov,AlwaysCooperate",8,0.06298157453936348,0.8637299300123508,0.7476635514018692,0.3389830508474576,1.6641541038525962,333.0169491525424,39686.999712726225,8
Bot_51,LSTM,19,0.009690052802722927,28,0.12437076351107042,0.15701758852632317,13,0.001041765364253947,"MajorityRule,TwoTitsForTat,TitforTat,Random",4,0.027135678391959798,0.9088674607676309,0.8367346938775511,0.3728813559322034,1.4251256281407034,283.5593220338983,13453.16173513358,4
Bot_52,LSTM,20,0.028302293430175315,49,0.08984952571770281,0.11258984978335011,17,0.002601067686999736,"AlwaysCooperate,MajorityRule,TitForTwoTats",3,0.14522613065326634,0.8077223088923557,0.8980769230769231,0.2542372881355932,1.3922948073701842,276.3220338983051,19029.642056880206,3
Bot_53,LSTM,10,0.030288275170384932,21,0.0989154984773756,0.11540405282234004,14,0.004256220360395443,"MajorityRule,TitForTwoTats,AlwaysCooperate,AlwaysDefect,TwoTitsForTat,TitforTat,Random,GrimTrigger",8,0.10653266331658291,0.8432516530532866,0.7360406091370558,0.2033898305084746,1.4311557788944724,285.6271186440678,15984.471128985922,8
Bot_54,RNN,8,0.016442093464308204,35,0.16340848974179098,0.1168744377134867,14,0.0012719714633417146,"Pavlov,AlwaysCooperate,TwoTitsForTat,TitforTat",4,0.11256281407035176,0.8318217665615142,0.7876447876447877,0.2711864406779661,1.464321608040201,288.40677966101697,19487.020970985348,4
Bot_55,LSTM,17,0.006441247400130863,43,0.14926976077290688,0.10623134492377766,10,0.0015149562154511058,"Random,Pavlov,AlwaysDefect,AlwaysCooperate,GrimTrigger",5,0.02512562814070352,0.9241266375545851,0.7394957983193278,0.3728813559322034,1.2892797319932998,256.6101694915254,2637.966676242459,5
Bot_56,LSTM,23,0.0118410853478207,25,0.05646761042404353,0.05507010445847948,19,0.005526509066788645,"Opposite,MajorityRule,TwoTitsForTat,Pavlov,TitforTat,AlwaysCooperate,AlwaysDefect,TitForTwoTats",8,0.09899497487437187,0.8252895752895753,0.907051282051282,0.1864406779661017,1.423283082077052,278.2881355932203,21910.713588049413,8
Bot_57,RNN,15,0.016309364591236646,20,0.19371421258766658,0.10003706152298228,17,0.008034915127013811,"MajorityRule,Opposite,AlwaysCooperate,TwoTitsForTat,Pavlov,TitforTat,TitForTwoTats,AlwaysDefect",8,0.17336683417085427,0.756202383277984,0.8333333333333334,0.15254237288135594,1.3706867671691791,272.52542372881356,17576.21545532893,8
Bot_58,LSTM,31,0.04368957674624676,47,0.18131951786020328,0.10734668618992302,13,0.007632176835034895,"Random,TwoTitsForTat,TitforTat,AlwaysCooperate,TitForTwoTats,Opposite,MajorityRule",7,0.21641541038525963,0.7504652028284332,0.8837209302325582,0.1694915254237288,1.1547738693467338,229.45762711864407,6264.7227808101115,7
Bot_59,LSTM,15,0.006129923532322586,26,0.15847922299689537,0.05555320732818822,20,0.0011116771141882688,"GrimTrigger,Opposite,AlwaysCooperate,Pavlov,MajorityRule,TwoTitsForTat,TitForTwoTats,Random",8,0.027135678391959798,0.9122807017543859,0.3921568627450981,0.423728813559322,1.5685092127303182,313.33898305084745,26680.8342430336,8
Bot_60,RNN,11,0.030159494416110686,30,0.05030351366023965,0.15768603985309906,12,0.0010919615937029093,"TitforTat,AlwaysCooperate,AlwaysDefect,GrimTrigger,Random,TitForTwoTats,MajorityRule",7,0.10904522613065326,0.8555105049760413,0.9069767441860465,0.13559322033898305,1.2458961474036852,247.83050847457628,19097.191611605856,7
Bot_61,RNN,19,0.021780996872815775,20,0.09492598016924106,0.18019801979539407,11,0.003439708392228598,"AlwaysCooperate,Opposite,Pavlov,GrimTrigger",4,0.1629815745393635,0.7795348837209303,0.8841463414634146,0.2033898305084746,1.2185929648241205,240.79661016949152,8739.314564780236,4
Bot_62,LSTM,24,0.02520154489773335,26,0.11668302601801611,0.15500139882183775,13,0.0034431497481015945,"TitforTat,Opposite,MajorityRule,GrimTrigger,AlwaysDefect,TwoTitsForTat,TitForTwoTats",7,0.10971524288107203,0.8224962630792227,0.8674698795180724,0.3220338983050847,1.2981574539363485,258.6949152542373,12687.567940247056,7
Bot_63,RNN,24,0.04801832351104295,49,0.06605380016525002,0.16826927872084024,12,0.002175122374996998,"MajorityRule,TwoTitsForTat,Random",3,0.3274706867671692,0.6558065160903458,0.9150485436893204,0.15254237288135594,1.2557788944723618,250.94915254237287,24582.522838264864,3
Bot_64,LSTM,8,0.017004437645353684,46,0.1120843292750667,0.05906002750832269,16,0.006329945722966675,"TitForTwoTats,Opposite,TitforTat,AlwaysDefect,Random,Pavlov,TwoTitsForTat",7,0.12479061976549413,0.8248940891668348,0.7319148936170213,0.288135593220339,1.5251256281407035,304.8813559322034,28026.443550703825,7
Bot_65,LSTM,23,0.012193787622796423,26,0.18210941857941781,0.16518487347076868,15,0.0033135694341945047,"TwoTitsForTat,TitForTwoTats,MajorityRule,AlwaysCooperate,TitforTat,GrimTrigger",6,0.10586264656616415,0.8390718562874252,0.8364485981308412,0.2711864406779661,1.297319932998325,258.4406779661017,6897.738006320023,6
Bot_66,LSTM,21,0.009593138419624668,42,0.1750444022298644,0.08464691736084078,15,0.0015962470551492381,"TitforTat,Opposite,Random,Pavlov,TitForTwoTats,MajorityRule,AlwaysDefect",7,0.04690117252931323,0.8782168186423506,0.5827814569536424,0.423728813559322,1.6398659966499163,328.3050847457627,29034.550991094522,7
Bot_67,RNN,14,0.015467840320853571,22,0.19370292280532247,0.14947403473043863,19,0.0027962671832507855,"Pavlov,AlwaysDefect,Random,TwoTitsForTat,TitforTat,Opposite,MajorityRule",7,0.13417085427135678,0.8118473895582329,0.8757396449704142,0.2033898305084746,1.4924623115577889,298.3220338983051,24602.048836541224,7
Bot_68,RNN,22,0.005657506646273187,42,0.12998454340786858,0.15723145188869103,12,0.00107090870023043,"TwoTitsForTat,GrimTrigger,MajorityRule",3,0.17403685092127302,0.7771266540642722,0.9345454545454546,0.2033898305084746,1.2603015075376884,251.72881355932202,21804.129847744905,3
Bot_69,RNN,17,0.009933034820030044,48,0.059306230874341295,0.12401953686171704,16,0.0026708377196790842,"Random,AlwaysCooperate,GrimTrigger,TitforTat,MajorityRule,Pavlov",6,0.14003350083752095,0.776547360094918,0.8806366047745359,0.22033898305084745,1.4420435510887772,288.3050847457627,17436.008618213156,6
Bot_70,LSTM,11,0.005308037559918678,34,0.14312845200172128,0.08896407164180077,18,0.004041514157078077,"AlwaysCooperate,Random,Opposite,TitForTwoTats",4,0.08576214405360134,0.8664280331574982,0.7988980716253444,0.2711864406779661,1.3512562814070352,270.2881355932203,12416.544096523989,4
Bot_71,LSTM,29,0.010106278584531633,35,0.12679036968563046,0.08513544009051442,18,0.0015558929779508515,"Pavlov,AlwaysDefect,TwoTitsForTat,AlwaysCooperate,Opposite,GrimTrigger,TitforTat,TitForTwoTats",8,0.07571189279731994,0.8701371922570945,0.8831168831168832,0.3559322033898305,1.3452261306532662,267.59322033898303,15344.74978454467,8
Bot_72,RNN,31,0.02231592181335316,49,0.1266703787068272,0.10702560428734692,19,0.0011104433608549158,"Opposite,AlwaysDefect,TitForTwoTats,Random,GrimTrigger",5,0.38726968174204357,0.5453732677693339,0.8624301675977654,0.1016949152542373,1.5107202680067002,301.66101694915255,24499.647802355645,5
Bot_73,LSTM,8,0.04355904024117505,38,0.06819949074113697,0.17390734708885494,17,0.002081954805888829,"AlwaysDefect,TwoTitsForTat,MajorityRule,GrimTrigger,Random,AlwaysCooperate,Pavlov,TitforTat",8,0.088107202680067,0.8331381733021077,0.641732283464567,0.288135593220339,1.4721943048576214,293.40677966101697,20536.681987934502,8
Bot_74,RNN,20,0.024532102427747456,29,0.054051586052904936,0.12256833740265745,20,0.0039055710675963214,"MajorityRule,Opposite,TwoTitsForTat,TitforTat,Pavlov,AlwaysDefect,AlwaysCooperate,Random",8,0.17403685092127302,0.7823361823361823,0.8423326133909287,0.23728813559322035,1.273031825795645,252.66101694915255,8048.630853203103,8
Bot_75,LSTM,21,0.03284358296128165,38,0.1689186646457797,0.06400475807797529,18,0.002865475984732339,"Pavlov,AlwaysDefect,TwoTitsForTat",3,0.11038525963149079,0.8287799791449426,0.6101694915254238,0.3559322033898305,1.6358458961474036,327.66101694915255,18675.47831083022,3
Bot_76,LSTM,11,0.028918900384802795,21,0.10766622174114449,0.06683545718919455,10,0.002163996836044706,"Pavlov,AlwaysCooperate,TwoTitsForTat,Opposite",4,0.14321608040201006,0.7727001788197894,0.763819095477387,0.1864406779661017,1.4646566164154105,292.22033898305085,18735.798908359666,4
Bot_77,RNN,18,0.042518466980202896,26,0.1593378803675137,0.131205873120772,10,0.0029972274200995956,"AlwaysCooperate,AlwaysDefect,Random,TitForTwoTats,Pavlov,Opposite,TwoTitsForTat,TitforTat",8,0.18760469011725292,0.74604385128694,0.8575999999999999,0.15254237288135594,1.278894472361809,254.76271186440678,11749.604711289861,8
Bot_78,RNN,15,0.011338887200010977,43,0.11219883052888435,0.08104742379873636,13,0.007385224319198544,"TitForTwoTats,GrimTrigger,TwoTitsForTat,AlwaysDefect",4,0.2440536013400335,0.718431674034211,0.9085510688836104,0.05084745762711865,1.2314907872696816,246.1864406779661,12337.168629704109,4
Bot_79,LSTM,11,0.009081915678727624,21,0.17598999246649227,0.18909129907260055,20,0.002037652460618303,"AlwaysDefect,Random,TitForTwoTats,Opposite,TwoTitsForTat,GrimTrigger",6,0.06984924623115578,0.8501302344219596,0.6512455516014234,0.3050847457627119,1.573534338358459,314.1186440677966,26602.07066934789,6
Bot_80,LSTM,20,0.012539352030901531,37,0.15397470711555672,0.1011798080895934,14,0.001538003533064528,"Opposite,MajorityRule,TwoTitsForTat,AlwaysCooperate,TitForTwoTats",5,0.17906197654941375,0.7843654822335026,0.27007299270072993,0.3220338983050847,1.473031825795645,294.89830508474574,32016.87101407642,5
Bot_81,LSTM,16,0.0056033171456163116,33,0.170277970895499,0.05660543503764535,13,0.003019984742460165,"AlwaysCooperate,TitForTwoTats,Pavlov",3,0.13333333333333333,0.8179234558544903,0.8847352024922119,0.22033898305084745,1.3127303182579564,262.54237288135596,13077.909221488077,3
Bot_82,RNN,28,0.021564667104000772,25,0.1838425607212275,0.05806381611184246,14,0.0037994380555388826,"AlwaysCooperate,Pavlov,TitForTwoTats,GrimTrigger,TwoTitsForTat,Opposite",6,0.21892797319933,0.718434852763211,0.898224852071006,0.1694915254237288,1.4224455611390285,283.10169491525426,25573.209997127262,6
Bot_83,LSTM,19,0.03827339438669302,30,0.08024707631325738,0.12313862825907432,18,0.0015096064216658016,"TwoTitsForTat,MajorityRule,AlwaysCooperate,Pavlov,GrimTrigger,Opposite",6,0.0,0.9486660533578657,0.0,0.4576271186440678,1.3584589614740368,271.54237288135596,4199.299051996552,6
Bot_84,LSTM,24,0.0066571426986687735,23,0.16708914466132874,0.07186649353363127,15,0.0032476204730945988,"Random,GrimTrigger,Opposite,Pavlov,TitforTat,AlwaysCooperate,TwoTitsForTat",7,0.013232830820770519,0.918165989553105,0.5777777777777777,0.4745762711864407,1.5211055276381908,303.5762711864407,11585.057742028152,7
Bot_85,LSTM,14,0.011692490440546472,30,0.19788912271455494,0.1773668833789743,11,0.007994314025754515,"TitForTwoTats,MajorityRule,TwoTitsForTat,Opposite,AlwaysCooperate,Random,GrimTrigger",7,0.15678391959798996,0.7772761474793077,0.8257142857142857,0.2542372881355932,1.2675041876046902,252.40677966101694,5096.749784544671,7
Bot_86,RNN,24,0.025561501688607668,40,0.07198156695720657,0.12568196118069988,12,0.0015402488964235907,"Opposite,TitforTat,AlwaysDefect,Random,GrimTrigger,AlwaysCooperate",6,0.17805695142378558,0.7724258970358814,0.8091603053435115,0.288135593220339,1.3614740368509213,269.03389830508473,20513.829359379488,6
Bot_87,RNN,28,0.008371048225572334,41,0.09781761825443552,0.11623877891427402,18,0.001695401649842819,"AlwaysCooperate,TitforTat,Random,Pavlov,TwoTitsForTat,AlwaysDefect",6,0.18659966499162478,0.7515413070283601,0.8300000000000001,0.23728813559322035,1.517252931323283,297.3728813559322,26737.691467968973,6
Bot_88,LSTM,12,0.0078060875515573195,21,0.09685030809576708,0.11105213375103024,12,0.0010240674978622467,"GrimTrigger,TitforTat,AlwaysCooperate,TwoTitsForTat",4,0.04723618090452261,0.8838853740230741,0.8275862068965518,0.3559322033898305,1.3457286432160804,267.49152542372883,8088.893995978168,4
Bot_89,RNN,10,0.03718705652102863,44,0.18281423375468336,0.1923212268482472,20,0.004060684354187755,"TwoTitsForTat,TitforTat,Opposite,AlwaysCooperate,Random,MajorityRule,GrimTrigger,TitForTwoTats",8,0.1288107202680067,0.7782007613704668,0.7713178294573643,0.2542372881355932,1.5067001675041876,302.08474576271186,17586.925021545532,8
Bot_90,LSTM,9,0.020398036792465477,35,0.19393658660960755,0.05449428872274715,13,0.0070640588754976525,"AlwaysCooperate,TitforTat,TwoTitsForTat,GrimTrigger,AlwaysDefect",5,0.12964824120603016,0.7661496171215394,0.8268733850129198,0.2033898305084746,1.4428810720268006,289.0169491525424,15656.931916116058,5
Bot_91,RNN,22,0.018919367091314265,40,0.10926960544490853,0.11589750294214339,15,0.004548398651157982,"Random,GrimTrigger,AlwaysCooperate,TitforTat,Pavlov,AlwaysDefect,TwoTitsForTat",7,0.1319932998324958,0.8084479371316307,0.9060869565217391,0.23728813559322035,1.430820770519263,286.3220338983051,18104.48951450732,7
Bot_92,RNN,13,0.023404586103127945,34,0.0880404378106805,0.05567821803437182,16,0.003869149677622888,"GrimTrigger,Opposite,MajorityRule,AlwaysDefect,TitForTwoTats",5,0.16381909547738693,0.7761790567545963,0.834054834054834,0.1864406779661017,1.4559463986599666,291.47457627118644,21175.096811261134,5
Bot_93,LSTM,16,0.011405016647658105,36,0.1355469318761925,0.11163533647206328,10,0.008337849921302484,"Pavlov,AlwaysDefect,MajorityRule,AlwaysCooperate,TwoTitsForTat,GrimTrigger,Random",7,0.2541038525963149,0.7036825033390575,0.8337468982630273,0.11864406779661017,1.2013400335008375,240.27118644067798,12949.485779948292,7
Bot_94,LSTM,12,0.021198555737399892,22,0.12595820101698044,0.09930803313605331,20,0.00372936018005028,"TitForTwoTats,TwoTitsForTat,Random,TitforTat,AlwaysCooperate,Pavlov,GrimTrigger",7,0.14455611390284756,0.7830423940149626,0.7313432835820896,0.1864406779661017,1.3417085427135678,267.76271186440675,7922.926745188165,7
Bot_95,LSTM,10,0.03839169669402949,23,0.0848414523725004,0.13925494492638302,20,0.0023531291494785717,"GrimTrigger,TitForTwoTats,TwoTitsForTat,Opposite,TitforTat,Pavlov,MajorityRule,AlwaysDefect",8,0.1068676716917923,0.8763399693721287,0.8818897637795275,0.2542372881355932,1.349246231155779,268.23728813559325,8825.7403045102,8
Bot_96,LSTM,22,0.006007911481203563,49,0.08964923697057846,0.06891823563600838,14,0.0071661475452456614,"TwoTitsForTat,AlwaysCooperate,Pavlov,TitforTat",4,0.1120603015075377,0.8190935390549663,0.9084249084249084,0.2033898305084746,1.3899497487437187,271.59322033898303,9955.698937087043,4
Bot_97,RNN,30,0.04811477436862365,23,0.19704996863710134,0.07414439157714035,11,0.0011271869092407596,"TitForTwoTats,TwoTitsForTat,TitforTat,Pavlov,Opposite,MajorityRule,AlwaysCooperate,Random",8,0.0,0.9344109996283909,0.0,0.4915254237288136,1.3939698492462311,277.10169491525426,8308.803217466244,8
Bot_98,LSTM,26,0.01974376830558317,34,0.1430242210700018,0.06823569912906124,18,0.007136977522973105,"MajorityRule,Random,AlwaysDefect",3,0.17755443886097153,0.7772239263803681,0.8977777777777777,0.1694915254237288,1.291959798994975,253.35593220338984,9476.636024130996,3
Bot_99,LSTM,30,0.005450716804857709,43,0.10532080442598826,0.06356664895066334,15,0.0036612396672930756,"MajorityRule,AlwaysCooperate,GrimTrigger,Random,TitforTat,TitForTwoTats,Opposite",7,0.12127303182579564,0.8017537171178041,0.844,0.22033898305084745,1.3527638190954774,264.3050847457627,9455.703533467395,7
Bot_100,LSTM,16,0.022227330470581265,47,0.14567422387354784,0.053420003251704457,18,0.0031350616649272666,"Opposite,TitforTat,AlwaysCooperate,AlwaysDefect,GrimTrigger,TitForTwoTats",6,0.09061976549413735,0.8719346049046321,0.8200000000000001,0.2711864406779661,1.4336683417085427,281.2542372881356,21648.969261706407,6
Bot_101,LSTM,27,0.02306699560825532,49,0.16071838810476224,0.06706540401195946,12,0.0033361332817994586,"AlwaysCooperate,TwoTitsForTat,Pavlov,TitForTwoTats,AlwaysDefect,GrimTrigger,MajorityRule",7,0.09966499162479062,0.8666666666666667,0.8963963963963965,0.22033898305084745,1.152428810720268,227.27118644067798,3479.451881643207,7
Bot_102,RNN,24,0.011192497552951812,39,0.11641553661222645,0.05454351153405903,19,0.0010596263671148016,"Random,GrimTrigger,TwoTitsForTat,AlwaysDefect,Pavlov,MajorityRule",6,0.23283082077051925,0.7053824362606232,0.7894736842105263,0.15254237288135594,1.4190954773869346,281.0169491525424,25964.796322895727,6
Bot_103,RNN,29,0.012234102785511214,37,0.14193697340768463,0.1560996690065299,20,0.00824098101892141,"Opposite,Random,AlwaysDefect,AlwaysCooperate,Pavlov,TitforTat,TitForTwoTats,GrimTrigger",8,0.2804020100502513,0.6032967032967033,0.8825065274151437,0.2711864406779661,1.6180904522613064,323.1525423728813,53870.129273197366,8
Bot_104,LSTM,8,0.005629865574033739,49,0.1948789264686444,0.1359758721301961,10,0.001541745694125888,"Opposite,AlwaysCooperate,Pavlov,GrimTrigger,AlwaysDefect,TitforTat,Random,MajorityRule",8,0.10921273031825796,0.8424483882651214,0.935483870967742,0.3050847457627119,1.184422110552764,236.4406779661017,5537.3312266590065,8
Bot_105,RNN,26,0.03717973876323613,33,0.10850815699342213,0.13129497967722453,12,0.0046308117351510315,"GrimTrigger,MajorityRule,TitforTat",3,0.24388609715242882,0.7287853577371048,0.8736176935229069,0.1694915254237288,1.467001675041876,293.6949152542373,32155.50014363689,3
Bot_106,LSTM,20,0.016021587162945772,36,0.08101719709324118,0.10393387275166488,12,0.0059477251807906525,"TwoTitsForTat,TitforTat,AlwaysDefect,MajorityRule,Pavlov,Opposite",6,0.11943048576214406,0.7928970470869913,0.7625,0.23728813559322035,1.5010050251256282,300.1186440677966,21746.443550703818,6
Bot_107,LSTM,30,0.01020252946095481,45,0.15324591951282068,0.14686435242922122,11,0.0014968584244662245,"Opposite,TitforTat,TwoTitsForTat,AlwaysDefect,MajorityRule,GrimTrigger,AlwaysCooperate,Pavlov",8,0.13953098827470686,0.7833907386146192,0.696,0.3050847457627119,1.3433835845896147,268.52542372881356,21195.02901465096,8
Bot_108,RNN,29,0.030912587517592193,48,0.19131829951389634,0.05289333498917149,10,0.0016705533761247717,"Random,Opposite,AlwaysCooperate,GrimTrigger,Pavlov,TitForTwoTats,MajorityRule",7,0.18911222780569514,0.7265221878224974,0.8350515463917526,0.15254237288135594,1.5385259631490786,307.1694915254237,37705.83567940247,7
Bot_109,LSTM,8,0.013288743619308152,37,0.07290280671675732,0.14186370047334737,20,0.008535374545453644,"MajorityRule,TwoTitsForTat,Random,AlwaysDefect",4,0.0711892797319933,0.8618060985144644,0.8463855421686747,0.288135593220339,1.4932998324958124,298.35593220338984,17861.246193622523,4
Bot_110,LSTM,16,0.03807118441847271,33,0.14835732347339886,0.12966432710496453,16,0.0028012318305546185,"AlwaysDefect,Pavlov,Opposite,MajorityRule,TitforTat,TitForTwoTats",6,0.12361809045226131,0.8069113627489262,0.8091286307053942,0.2542372881355932,1.428140703517588,285.2881355932203,26688.645791439245,6
Bot_111,LSTM,15,0.010755744911151822,36,0.15875027440818923,0.14990699534273838,20,0.001111769605044799,"TitforTat,Opposite,AlwaysDefect,MajorityRule,AlwaysCooperate",5,0.002512562814070352,0.9003471513171329,0.3055555555555555,0.5084745762711864,1.7157453936348408,342.89830508474574,35589.108302212015,5
Bot_112,RNN,8,0.01862438318437528,28,0.08381103471605336,0.19562026527340326,11,0.0014953258117165746,"AlwaysDefect,Opposite,TitForTwoTats,TwoTitsForTat,MajorityRule,Pavlov,AlwaysCooperate,Random",8,0.17705192629815744,0.7866522755891348,0.9157303370786518,0.0847457627118644,1.0874371859296483,215.54237288135593,3916.112611318587,8
Bot_113,RNN,30,0.006927010042261698,42,0.18732105305121705,0.13357598325089806,10,0.006687694385112977,"TwoTitsForTat,TitforTat,AlwaysCooperate,Random,AlwaysDefect",5,0.2896147403685092,0.6629790596602133,0.842185128983308,0.1016949152542373,1.2690117252931323,253.45762711864407,37585.197357081306,5
Bot_114,LSTM,12,0.022753448760095177,32,0.10776106274288502,0.07807045760469872,11,0.0022513607226140823,"Random,TitforTat,AlwaysDefect,AlwaysCooperate,GrimTrigger",5,0.08894472361809046,0.8690498240414891,0.793103448275862,0.1864406779661017,1.2852596314907874,253.76271186440678,12263.570812984772,5
Bot_115,RNN,9,0.03684645499986958,50,0.13316292631728882,0.0729130331017093,18,0.0026838900582491173,"Opposite,MajorityRule,GrimTrigger",3,0.15896147403685093,0.795197459813455,0.8628389154704944,0.2033898305084746,1.423283082077052,283.8813559322034,19793.291008330936,3
Bot_116,RNN,11,0.007931734972589734,34,0.14965369189818828,0.14845360576637026,20,0.0026111098814139647,"Pavlov,AlwaysCooperate,AlwaysDefect,TwoTitsForTat",4,0.14840871021775545,0.8002044989775051,0.7924151696606786,0.22033898305084745,1.533500837520938,296.54237288135596,25902.72278081011,4
Bot_117,LSTM,26,0.014691111637470139,22,0.06762462691542763,0.13453633288369363,11,0.0017245811163316353,"MajorityRule,Pavlov,TitforTat",3,0.09715242881072027,0.8531671858774662,0.7790697674418605,0.3220338983050847,1.6407035175879396,328.22033898305085,37355.96839988509,3
Bot_118,LSTM,12,0.019135649620847628,40,0.061653517296130306,0.1477861062383682,18,0.0041032425385255575,"Opposite,Pavlov,TitForTwoTats,GrimTrigger,TitforTat,Random",6,0.08107202680067002,0.8559225512528473,0.7914438502673796,0.2711864406779661,1.38107202680067,274.76271186440675,18164.24877908647,6
Bot_119,LSTM,9,0.015242855912783064,27,0.12597934329447116,0.18770201032072462,13,0.0022603893154564407,"AlwaysDefect,TitForTwoTats,GrimTrigger,TitforTat",4,0.06331658291457286,0.882556796303427,0.7168458781362007,0.288135593220339,1.445393634840871,287.6101694915254,9520.13616776788,4
Bot_120,RNN,28,0.023083880553947854,46,0.10267657736327093,0.17906554558543092,15,0.0010834381160752362,"Random,MajorityRule,TwoTitsForTat,AlwaysCooperate,TitForTwoTats,AlwaysDefect,TitforTat,Pavlov",8,0.19748743718592965,0.7297889287136599,0.7901785714285715,0.3389830508474576,1.4204355108877722,281.728813559322,27486.3671358805,8
Bot_121,LSTM,11,0.013463913571974333,27,0.1003461740472862,0.05489040296809505,14,0.0044019924889476,"AlwaysDefect,MajorityRule,GrimTrigger,TwoTitsForTat,TitForTwoTats",5,0.14522613065326634,0.800794551645857,0.875,0.13559322033898305,1.2927973199329983,258.50847457627117,13805.504165469689,5
Bot_122,LSTM,23,0.03307597227088196,40,0.16382582274187912,0.06548288988299171,16,0.0013596059625596297,"TwoTitsForTat,MajorityRule,Pavlov,TitForTwoTats,TitforTat,GrimTrigger,Opposite",7,0.06499162479061976,0.8923108722612649,0.5165562913907285,0.3220338983050847,1.6721943048576215,333.52542372881356,39454.58833668485,7
Bot_123,LSTM,30,0.015034034727219444,31,0.056664395375214914,0.1989015575736706,15,0.003903421220993207,"Opposite,TwoTitsForTat,Pavlov,TitforTat",4,0.0021775544388609714,0.9537142857142857,1.0,0.4406779661016949,1.4802345058626465,289.8135593220339,22074.083883941395,4
Bot_124,LSTM,14,0.029061289401103016,25,0.1491285780224673,0.06244534867321778,12,0.0010805113242275336,"GrimTrigger,Random,AlwaysDefect,Pavlov",4,0.01256281407035176,0.9148773006134969,0.823529411764706,0.4745762711864407,1.4879396984924622,297.6101694915254,20727.051422005174,4
Bot_125,LSTM,31,0.011176076658168686,39,0.168771120514686,0.07537934468382404,20,0.007196092927053096,"GrimTrigger,TitForTwoTats,AlwaysDefect,TwoTitsForTat,AlwaysCooperate,Opposite,Random,TitforTat",8,0.140536013400335,0.786547433903577,0.713768115942029,0.2542372881355932,1.3904522613065327,278.3220338983051,13861.94714162597,8
Bot_126,RNN,18,0.005439420319380141,35,0.19359617817178898,0.0825685034340683,10,0.0035467685626991248,"MajorityRule,TitforTat,AlwaysCooperate,Opposite",4,0.1897822445561139,0.7670304855099737,0.8649045521292218,0.06779661016949153,1.2256281407035177,243.96610169491527,4860.642918701524,4
Bot_127,RNN,17,0.011558736427490873,47,0.06536680364333465,0.0836444093285061,12,0.005323504409523357,"Pavlov,TwoTitsForTat,AlwaysDefect,TitForTwoTats,Random,TitforTat,AlwaysCooperate",7,0.2711892797319933,0.6526117054751416,0.8736842105263157,0.11864406779661017,1.461641541038526,293.271186440678,36991.4518816432,7
Bot_128,LSTM,27,0.006565524644387714,42,0.17788330404800867,0.16167330810110506,18,0.004209199549319742,"MajorityRule,TitForTwoTats,Pavlov",3,0.22093802345058627,0.7498043818466353,0.865546218487395,0.2711864406779661,1.2909547738693468,256.50847457627117,7035.504165469692,3
Bot_129,LSTM,32,0.01029531330553839,48,0.07293082224943163,0.053512160362353,11,0.004440795415551145,"Opposite,TwoTitsForTat,Pavlov,TitforTat,MajorityRule,Random,TitForTwoTats,GrimTrigger",8,0.1355108877721943,0.7829578844270323,0.7364864864864864,0.2033898305084746,1.4214405360134004,284.20338983050846,14308.501005458202,8
Bot_130,LSTM,26,0.007294274726211715,21,0.08474585116060669,0.16129931674857922,12,0.00997004589368208,"GrimTrigger,TitforTat,Pavlov,AlwaysCooperate,Random,Opposite,AlwaysDefect,TwoTitsForTat",8,0.010552763819095477,0.9234449760765551,0.7857142857142857,0.423728813559322,1.4867671691792295,297.5762711864407,21615.125538638324,8
Bot_131,RNN,28,0.03301677517664367,30,0.07693611998820994,0.06567931442723365,20,0.00663323901511719,"AlwaysCooperate,TwoTitsForTat,TitforTat,AlwaysDefect,GrimTrigger,Random,Pavlov,TitForTwoTats",8,0.34857621440536013,0.5782509820136448,0.8782552083333334,0.1016949152542373,1.3450586264656617,262.03389830508473,14085.761562769318,8
Bot_132,LSTM,21,0.04893583384105443,37,0.08304686105686708,0.05610960412615927,10,0.001556314693828402,"MajorityRule,Opposite,TitForTwoTats,Pavlov",4,0.3507537688442211,0.5773112636253532,0.8433734939759037,0.1016949152542373,1.2661641541038526,253.22033898305085,18593.79890835967,4
Bot_133,LSTM,8,0.007625095504948415,27,0.10436301020179806,0.10000276408105975,10,0.0030823641602176753,"Pavlov,MajorityRule,Opposite,TitforTat,GrimTrigger,TitForTwoTats,AlwaysDefect",7,0.15192629815745393,0.7892672858617131,0.7423887587822013,0.288135593220339,1.558961474036851,310.864406779661,21969.507038207412,7
Bot_134,RNN,10,0.02992946361757513,47,0.11374586843239481,0.094043178451739,10,0.003662831855557065,"Opposite,AlwaysDefect,Pavlov",3,0.18559463986599664,0.7775540095203223,0.9322638146167558,0.06779661016949153,1.128643216080402,223.40677966101694,3208.512496409077,3
Bot_135,LSTM,14,0.01815464411799042,24,0.07171470556920012,0.1479762794626954,19,0.0015818180896963777,"TwoTitsForTat,AlwaysDefect,TitForTwoTats,Opposite,TitforTat,MajorityRule,Pavlov,Random",8,0.11155778894472362,0.8228438228438228,0.44132653061224486,0.23728813559322035,1.4244556113902846,283.5762711864407,28130.379775926463,8
Bot_136,LSTM,9,0.009932892245674913,22,0.1760793390754602,0.09992221002644333,19,0.0011806740967631026,"AlwaysCooperate,TitForTwoTats,AlwaysDefect,Opposite,GrimTrigger,TitforTat,Random,TwoTitsForTat",8,0.0525963149078727,0.9001504324934185,0.5930232558139534,0.3389830508474576,1.3768844221105527,275.3220338983051,22670.387819592066,8
Bot_137,RNN,11,0.00903408943515869,48,0.1652390697910343,0.05795595455248382,13,0.0019260106586117434,"AlwaysDefect,Opposite,TwoTitsForTat,TitForTwoTats,GrimTrigger",5,0.19430485762144054,0.7434534357156921,0.8603268945022289,0.13559322033898305,1.3619765494137352,267.9491525423729,17361.03131284114,5
Bot_138,RNN,28,0.03019712405631771,45,0.13943903085226123,0.18021370499545558,18,0.005028405490076906,"GrimTrigger,TwoTitsForTat,AlwaysCooperate,AlwaysDefect",4,0.0,0.9118259224219489,0.0,0.4576271186440678,1.4589614740368508,286.79661016949154,8894.0603274921,4
Bot_139,LSTM,19,0.03840025019638978,45,0.1078990699469011,0.13082934657787942,10,0.0023376984204247497,"AlwaysDefect,AlwaysCooperate,TitforTat,GrimTrigger,TwoTitsForTat,TitForTwoTats,MajorityRule,Pavlov",8,0.06080402010050251,0.8684811572135516,0.8698630136986302,0.2542372881355932,1.4063651591289783,281.66101694915255,9495.274920999715,8
Bot_140,LSTM,30,0.005026945767296119,35,0.07787722378961538,0.0504580948351923,10,0.0022577714103954438,"GrimTrigger,TitForTwoTats,MajorityRule,Random,TitforTat,TwoTitsForTat",6,0.07420435510887773,0.8908941755537325,0.8,0.288135593220339,1.6326633165829145,326.49152542372883,36662.55501292731,6
Bot_141,RNN,27,0.02431336455245719,48,0.18168395065956033,0.09026259110572168,13,0.004110749515967744,"Random,AlwaysDefect,GrimTrigger",3,0.15661641541038526,0.7947272727272727,0.9511494252873564,0.1694915254237288,1.1520938023450586,229.38983050847457,6470.814133869578,3
Bot_142,RNN,22,0.016337363441405704,22,0.09071500317870862,0.19810462216042837,18,0.002680713755785509,"GrimTrigger,AlwaysCooperate,TwoTitsForTat,Pavlov,MajorityRule,Opposite,TitforTat",7,0.09932998324958124,0.8157467532467533,0.5695876288659794,0.3389830508474576,1.5815745393634841,316.4406779661017,33691.60241309968,7
Bot_143,LSTM,24,0.02910245923199006,35,0.1912876411928161,0.11195040726847273,15,0.005392771316841081,"TwoTitsForTat,TitforTat,MajorityRule",3,0.03484087102177554,0.9031884057971015,0.7656249999999999,0.3220338983050847,1.488609715242881,295.6949152542373,19110.313702958916,3
Bot_144,LSTM,9,0.03492922828130109,40,0.1817349362917841,0.16151636888037765,19,0.0014241181162715077,"Opposite,Random,GrimTrigger,MajorityRule,AlwaysDefect,TwoTitsForTat,AlwaysCooperate",7,0.0011725293132328308,0.9018329938900204,0.25,0.4915254237288136,1.7082077051926299,340.76271186440675,19190.180982476297,7
Bot_145,RNN,27,0.009911969144921729,38,0.18615720020497345,0.06623275732482739,19,0.001514111291471985,"Opposite,Random,AlwaysDefect",3,0.21440536013400335,0.7025253529528733,0.8157524613220816,0.13559322033898305,1.3844221105527639,277.0169491525424,24237.508187302494,3
Bot_146,RNN,9,0.04471689338286337,32,0.0649925560359032,0.11248588680978105,20,0.0014250584812578056,"Opposite,AlwaysDefect,TitForTwoTats,MajorityRule",4,0.12060301507537688,0.7855618086551523,0.851063829787234,0.1864406779661017,1.407035175879397,281.10169491525426,10381.68457339845,4
Bot_147,RNN,27,0.0075519858826509955,27,0.06776842141385639,0.08295627425564665,13,0.00793598428284187,"TitforTat,Opposite,AlwaysDefect,Pavlov,Random,GrimTrigger,MajorityRule",7,0.22663316582914572,0.7315395508800324,0.8353293413173652,0.1694915254237288,1.4187604690117253,284.6271186440678,24637.82706118932,7
Bot_148,LSTM,19,0.02829434353380814,35,0.12006804076626579,0.08227453036088432,19,0.0027607228130201444,"GrimTrigger,Pavlov,TitForTwoTats,Opposite,TwoTitsForTat",5,0.06934673366834171,0.8397124538566155,0.7791411042944786,0.3728813559322034,1.469681742043551,293.40677966101697,10463.292157426027,5
Bot_149,RNN,19,0.049449055953811924,48,0.18122713948669356,0.09795994371429596,13,0.007137928670577572,"MajorityRule,Random,Pavlov",3,0.1408710217755444,0.8186943080560102,0.9204368174726988,0.15254237288135594,1.1597989949748744,231.6949152542373,3067.228957196208,3
Bot_150,RNN,11,0.005914961784637237,46,0.06926665679915608,0.09790437086963068,19,0.0011301011377362045,"Opposite,Random,Pavlov,MajorityRule",4,0.135678391959799,0.8174190970834998,0.716796875,0.1864406779661017,1.4802345058626465,296.33898305084745,24989.20712438954,4
Bot_151,RNN,13,0.0372433594164412,41,0.08344428412089105,0.18590575342391585,16,0.0010844317481124427,"GrimTrigger,Pavlov,AlwaysDefect,TwoTitsForTat",4,0.08710217755443886,0.8328470195914964,0.824773413897281,0.3050847457627119,1.678391959798995,335.0169491525424,37424.79632289573,4
Bot_152,RNN,8,0.00876536643169803,47,0.0784948541691003,0.16417339172579495,11,0.002043506511519726,"AlwaysDefect,Pavlov,Opposite,GrimTrigger,AlwaysCooperate,Random,TitForTwoTats",7,0.12897822445561138,0.8106374952847982,0.9145129224652088,0.23728813559322035,1.303852596314908,258.864406779661,8920.117207698939,7
Bot_153,RNN,16,0.01779456688404019,30,0.13061003486379807,0.06657600295581614,12,0.0017722307498033202,"Random,TwoTitsForTat,AlwaysCooperate,TitForTwoTats,TitforTat,GrimTrigger,Opposite",7,0.192964824120603,0.754051282051282,0.8817567567567567,0.13559322033898305,1.5020100502512563,299.9491525423729,33641.37029589199,7
Bot_154,LSTM,14,0.042413845840556574,23,0.08487339672338909,0.08400428563812391,19,0.001388371932788058,"TitforTat,AlwaysCooperate,Random,Opposite,MajorityRule",5,0.011055276381909548,0.9432204907755687,0.7777777777777779,0.4406779661016949,1.2469011725293133,248.6949152542373,1777.2628555012925,5
Bot_155,RNN,29,0.008967939843125921,27,0.13023012745617568,0.05204664255032335,13,0.0013757146006350138,"TitforTat,Opposite,Pavlov,AlwaysCooperate,TitForTwoTats,TwoTitsForTat,GrimTrigger,Random",8,0.23484087102177553,0.699137104506232,0.8896210873146624,0.15254237288135594,1.2398659966499161,246.74576271186442,9628.054007469118,8
Bot_156,RNN,9,0.005738164036343817,26,0.15956892434273773,0.06018761627994478,14,0.0013619356030400054,"GrimTrigger,Pavlov,Opposite,TwoTitsForTat",4,0.16331658291457288,0.7575511858909386,0.8345021037868163,0.2033898305084746,1.4971524288107203,298.8305084745763,23999.835679402473,4
Bot_157,RNN,12,0.043183075618119994,30,0.1620224465058855,0.1319299575590232,19,0.004847898813303342,"GrimTrigger,TitForTwoTats,AlwaysDefect,Pavlov,AlwaysCooperate,TitforTat,MajorityRule",7,0.18592964824120603,0.7464105156723964,0.8963165075034106,0.1864406779661017,1.4597989949748744,291.06779661016947,26296.43608158575,7
Bot_158,LSTM,9,0.007226083833691722,37,0.10595186701801697,0.0697227741393059,17,0.00892504481000805,"TwoTitsForTat,Pavlov,TitForTwoTats,GrimTrigger,Random",5,0.13869346733668342,0.8147208121827412,0.8170731707317074,0.15254237288135594,1.4087102177554438,279.33898305084745,25997.17322608446,5
Bot_159,LSTM,22,0.011681069479021233,26,0.08878132219298267,0.1224533022396001,17,0.009908657439109672,"GrimTrigger,TwoTitsForTat,Pavlov",3,0.12311557788944724,0.834926324173636,0.7205479452054795,0.23728813559322035,1.4839195979899498,292.59322033898303,12489.97012352772,3
Bot_160,RNN,8,0.012714115093440281,26,0.06645535119589159,0.07742169865088572,15,0.004926081681147768,"Random,TitForTwoTats,AlwaysCooperate,TwoTitsForTat,Pavlov,TitforTat,Opposite,GrimTrigger",8,0.1204355108877722,0.81410741301059,0.8584070796460176,0.15254237288135594,1.3224455611390284,260.8305084745763,15379.937374317726,8
Bot_161,RNN,30,0.02016682700739363,22,0.1581705231596826,0.1219900984566142,10,0.005975055767888311,"Opposite,TitForTwoTats,Random,TwoTitsForTat,MajorityRule,GrimTrigger,TitforTat",7,0.39212730318257955,0.5532268105416062,0.9106666666666667,0.15254237288135594,1.3088777219430485,262.3220338983051,35632.35392128699,7
Bot_162,RNN,10,0.0062239353517265904,29,0.16778138326377665,0.09967130758999043,18,0.002672579043557841,"TitForTwoTats,MajorityRule,AlwaysDefect",3,0.18174204355108878,0.7666533705624252,0.79296875,0.13559322033898305,1.4098827470686768,279.96610169491527,20841.727664464233,3
Bot_163,LSTM,11,0.00522377087545477,36,0.06306128165788888,0.05784257638079126,14,0.002656984207479269,"AlwaysDefect,Random,Opposite,TitForTwoTats,TitforTat,MajorityRule,AlwaysCooperate",7,0.07269681742043552,0.8543859649122807,0.8313253012048193,0.288135593220339,1.4785594639865998,294.6271186440678,24336.36943407067,7
Bot_164,LSTM,14,0.03562608826406033,48,0.16485912865790237,0.07741873622550106,16,0.0012094944025881,"Random,AlwaysDefect,TwoTitsForTat,TitforTat,TitForTwoTats,Pavlov",6,0.11072026800670016,0.756822720213002,0.7886178861788619,0.3898305084745763,1.8331658291457287,365.6949152542373,36531.500143636884,6
Bot_165,RNN,23,0.014542861893384997,46,0.1220017666363107,0.10912062046848305,18,0.0038280572029781162,"TitforTat,AlwaysCooperate,AlwaysDefect",3,0.19882747068676718,0.7583190720669328,0.8285714285714286,0.1694915254237288,1.2445561139028476,247.89830508474577,4887.3794886526875,3
Bot_166,LSTM,8,0.01691605739883262,31,0.11515290302693931,0.09468336987879672,19,0.00183672587135343,"AlwaysCooperate,Random,TitForTwoTats,GrimTrigger,AlwaysDefect,TwoTitsForTat,Opposite,Pavlov",8,0.04154103852596315,0.893862134088763,0.84,0.4067796610169492,1.4067001675041877,280.06779661016947,12580.605573111172,8
Bot_167,RNN,22,0.014345394431658305,22,0.1431343185976136,0.10366092199505612,14,0.006467839517480052,"Opposite,TitForTwoTats,GrimTrigger,AlwaysDefect,AlwaysCooperate,Pavlov,MajorityRule,TwoTitsForTat",8,0.19045226130653267,0.7610062893081762,0.8948995363214839,0.1016949152542373,1.1686767169179229,232.8135593220339,7314.219477161733,8
Bot_168,RNN,27,0.005767090878379796,33,0.11713367101967183,0.05972269901703786,10,0.0024930761234794926,"GrimTrigger,AlwaysDefect,AlwaysCooperate,Pavlov,TitforTat,TitForTwoTats",6,0.307035175879397,0.6698220371071564,0.9150943396226414,0.03389830508474576,1.1102177554438861,220.79661016949152,13477.585751220913,6
Bot_169,LSTM,21,0.007787636883517673,31,0.053670389020058266,0.11809881440673188,13,0.001848094161603433,"Opposite,TwoTitsForTat,GrimTrigger,Pavlov",4,0.15510887772194304,0.8236663433559651,0.8059701492537313,0.2711864406779661,1.3443886097152429,268.33898305084745,17850.52915828785,4
Bot_170,RNN,24,0.019096263199020153,30,0.06796014998948838,0.0887417734198316,19,0.005481705258328695,"TwoTitsForTat,TitForTwoTats,TitforTat,Random,GrimTrigger,Opposite",6,0.1626465661641541,0.7752215726947012,0.8952380952380952,0.1864406779661017,1.2716917922948074,252.89830508474577,10592.260844584891,6
Bot_171,LSTM,13,0.03500792329587873,37,0.19635756698185114,0.12549070863993184,12,0.003375597079766192,"Pavlov,GrimTrigger,AlwaysCooperate,TitforTat,Random,TitForTwoTats,TwoTitsForTat",7,0.12345058626465662,0.8218892261001517,0.8995983935742973,0.2033898305084746,1.3321608040201005,265.52542372881356,22527.266302786553,7
Bot_172,RNN,26,0.006116626707203705,27,0.06852553481706708,0.0952585698006441,12,0.0038673876835084945,"TwoTitsForTat,GrimTrigger,AlwaysDefect,AlwaysCooperate,MajorityRule,Opposite",6,0.1884422110552764,0.7539621182837263,0.9052197802197801,0.1864406779661017,1.322110552763819,265.77966101694915,14074.54467107153,6
Bot_173,RNN,17,0.00984971180086538,27,0.13828538858220044,0.16338680774759234,17,0.004748484911167181,"TwoTitsForTat,GrimTrigger,TitForTwoTats,Pavlov,MajorityRule",5,0.22814070351758794,0.7347922848664689,0.8942486085343228,0.0847457627118644,1.1175879396984925,224.0677966101695,5885.012352772192,5
Bot_174,LSTM,23,0.014764015608944825,32,0.15242334001262067,0.05919126133924289,19,0.00332488945750791,"AlwaysCooperate,Pavlov,TitForTwoTats,GrimTrigger",4,0.07319932998324959,0.8571989785896681,0.6270627062706271,0.288135593220339,1.5020100502512563,300.4237288135593,28318.617064062044,4
Bot_175,RNN,14,0.030962869541250656,44,0.14142438841224492,0.1782939032984081,12,0.00177036090980835,"GrimTrigger,Opposite,Pavlov,TitForTwoTats,AlwaysDefect",5,0.1899497487437186,0.7595015576323988,0.8386004514672686,0.2033898305084746,1.5438860971524289,309.33898305084745,27689.546107440394,5
Bot_176,LSTM,21,0.019387424649841604,42,0.1841479932780552,0.15981386560369928,12,0.004677706254859844,"TitForTwoTats,TwoTitsForTat,MajorityRule,Pavlov",4,0.0864321608040201,0.8883659638554217,0.8562091503267973,0.288135593220339,1.334003350083752,264.45762711864404,18360.383797759267,4
Bot_177,LSTM,11,0.007250854599409311,28,0.06115335397854248,0.08844216354578158,13,0.0043966270086169615,"TwoTitsForTat,Opposite,Pavlov,MajorityRule,TitForTwoTats,AlwaysCooperate",6,0.11139028475711893,0.8367993662111309,0.7816711590296496,0.1694915254237288,1.485929648241206,284.6949152542373,24678.245906348755,6
Bot_178,RNN,15,0.012591031535559042,27,0.1840884025040822,0.0855246139026949,17,0.001593827108071006,"Opposite,AlwaysDefect,Pavlov",3,0.13098827470686766,0.8205893323386796,0.9178356713426854,0.1694915254237288,1.2624790619765494,250.67796610169492,9082.421717897156,3
Bot_179,RNN,22,0.013838209476309546,26,0.10615089155263165,0.1250732022548029,12,0.0049988950004092435,"TitforTat,Opposite,GrimTrigger,MajorityRule,Pavlov,TwoTitsForTat,AlwaysCooperate,TitForTwoTats",8,0.15293132328308207,0.8036059240180297,0.8718381112984823,0.22033898305084745,1.682747068676717,337.35593220338984,46638.636024130996,8
Bot_180,RNN,32,0.04380518286361107,31,0.12331499637856434,0.1033656347479739,17,0.001811362968783044,"MajorityRule,AlwaysDefect,TitForTwoTats,TitforTat,Pavlov",5,0.25175879396984924,0.653483606557377,0.9216589861751152,0.22033898305084745,1.4244556113902846,287.0,17231.525423728814,5
Bot_181,LSTM,18,0.005875710904550003,48,0.0551481065629173,0.05663502140714239,17,0.0015394931821675001,"TwoTitsForTat,TitForTwoTats,Opposite,GrimTrigger,Pavlov,Random,MajorityRule,AlwaysDefect",8,0.15159128978224456,0.8269954819277109,0.7051282051282051,0.2711864406779661,1.2536013400335009,249.66101694915255,5688.630853203103,8
Bot_182,LSTM,20,0.010538247736644005,35,0.11866525682705663,0.11594340872463899,18,0.0016154610181126482,"MajorityRule,TwoTitsForTat,Pavlov,AlwaysDefect,TitForTwoTats,AlwaysCooperate,Opposite",7,0.12579564489112227,0.8372970932427332,0.8129496402877698,0.288135593220339,1.292964824120603,259.45762711864404,7401.434645216891,7
Bot_183,LSTM,31,0.030300068604417512,25,0.16338441762307776,0.07934110192959005,17,0.0010636578505625056,"GrimTrigger,MajorityRule,TitforTat,AlwaysCooperate,AlwaysDefect",5,0.18559463986599664,0.7495160665892373,0.8656716417910448,0.23728813559322035,1.321608040201005,264.06779661016947,11886.842861246767,5
Bot_184,LSTM,13,0.02876684007901022,38,0.18347499355888858,0.05064743090627465,16,0.00463163637829909,"AlwaysDefect,AlwaysCooperate,Pavlov,Opposite,GrimTrigger",5,0.0745393634840871,0.8308255388369256,0.6883852691218131,0.3389830508474576,1.6080402010050252,321.23728813559325,19172.214880781383,5
Bot_185,LSTM,29,0.01299269370428115,33,0.18357919911759563,0.16731768694592755,20,0.00847315468376867,"TitforTat,MajorityRule,TwoTitsForTat",3,0.0661641541038526,0.8711890243902439,0.6986301369863014,0.3898305084745763,1.4120603015075377,279.93220338983053,7475.046251077276,3
Bot_186,LSTM,12,0.011221105685258604,45,0.18562447367421053,0.07713542583246899,19,0.008072083237061312,"GrimTrigger,Opposite,TwoTitsForTat,Random,MajorityRule",5,0.06013400335008375,0.8267326732673267,0.7935483870967741,0.3728813559322034,1.682747068676717,337.20338983050846,26291.416259695492,5
Bot_187,LSTM,9,0.035751735712915345,22,0.07536650568469186,0.16469854591351127,12,0.003521397346916815,"Random,TitForTwoTats,GrimTrigger,AlwaysDefect,TwoTitsForTat",5,0.1410385259631491,0.7880662983425414,0.6323119777158774,0.288135593220339,1.7845896147403686,357.5593220338983,46394.31427750647,5
Bot_188,RNN,21,0.025672478671212362,28,0.07231026818613231,0.12313977388981455,17,0.004581477356461505,"Opposite,AlwaysDefect,MajorityRule,Pavlov,GrimTrigger,TwoTitsForTat,TitForTwoTats",7,0.14505862646566164,0.793035993740219,0.858139534883721,0.1694915254237288,1.4033500837520938,279.6779661016949,22694.455616202245,7
Bot_189,RNN,23,0.011047089240175213,42,0.1792932504582599,0.13167792123289404,13,0.0079517900216027,"TitForTwoTats,TitforTat,Opposite",3,0.2981574539363484,0.6718202432488147,0.8313782991202345,0.15254237288135594,1.390787269681742,278.79661016949154,39889.48405630567,3
Bot_190,LSTM,18,0.027149989093568378,27,0.13910889034933321,0.09883139688163539,20,0.0026435456145959923,"GrimTrigger,Opposite,TitForTwoTats,AlwaysCooperate,TwoTitsForTat,Random,TitforTat,MajorityRule",8,0.171356783919598,0.7589085725921401,0.8129032258064516,0.3220338983050847,1.4963149078726967,298.0508474576271,17498.861821315713,8
Bot_191,RNN,14,0.008443764562675555,36,0.192215794340642,0.159757203486972,12,0.0049986196172572776,"Opposite,Pavlov,GrimTrigger,TitForTwoTats,MajorityRule,TwoTitsForTat,Random,AlwaysCooperate",8,0.15326633165829145,0.7936795491143317,0.8162939297124601,0.1864406779661017,1.490284757118928,297.1864406779661,20226.151680551564,8
Bot_192,RNN,19,0.047724179194339904,29,0.18440087546495776,0.05966379865108469,18,0.002270480458637212,"Random,GrimTrigger,Pavlov,TwoTitsForTat",4,0.08509212730318258,0.8176572417772648,0.8376811594202898,0.2711864406779661,1.4222780569514237,283.79661016949154,13138.77219189888,4
Bot_193,LSTM,13,0.04202946828384845,46,0.05594905165949364,0.12874980429580918,17,0.0011155111487954536,"AlwaysCooperate,Random,TitforTat,Pavlov,TwoTitsForTat,AlwaysDefect,GrimTrigger",7,0.16901172529313233,0.7895604395604395,0.8739837398373984,0.22033898305084745,1.1554438860971525,230.38983050847457,5607.288710140764,7
Bot_194,LSTM,23,0.01520347144294491,47,0.05366123115148776,0.09692668524375457,10,0.008586053701931648,"Random,TitforTat,TitForTwoTats,TwoTitsForTat",4,0.1527638190954774,0.8048362528560549,0.8684210526315789,0.13559322033898305,1.302177554438861,260.20338983050846,10118.806090203967,4
Bot_195,LSTM,30,0.035724451200105194,28,0.060068047012275874,0.13994661499167071,18,0.009420697876421684,"Opposite,Random,TitForTwoTats,TitforTat,TwoTitsForTat,AlwaysDefect,AlwaysCooperate",7,0.11758793969849246,0.8119408790353948,0.8875739644970414,0.3389830508474576,1.408040201005025,280.20338983050846,9884.43320884803,7
Bot_196,LSTM,18,0.005238983181668331,28,0.18813270193964965,0.12690362276215608,13,0.003247221979358852,"TwoTitsForTat,GrimTrigger,AlwaysCooperate",3,0.05745393634840871,0.8453373768006065,0.9230769230769231,0.2542372881355932,1.4013400335008375,277.2542372881356,10921.206549842,3
Bot_197,RNN,31,0.018915057886649014,34,0.09096322675108434,0.1307136631661929,14,0.005445269967032027,"AlwaysCooperate,AlwaysDefect,Pavlov,Random,GrimTrigger,TwoTitsForTat,TitForTwoTats",7,0.2321608040201005,0.7344711252232586,0.7940379403794039,0.2542372881355932,1.3355108877721944,265.47457627118644,17639.062912956048,7
Bot_198,LSTM,13,0.005247544650059683,35,0.13499303440786117,0.06487892882083633,18,0.0054639490661455205,"GrimTrigger,AlwaysCooperate,Pavlov,TwoTitsForTat,AlwaysDefect,Random,TitforTat",7,0.10703517587939698,0.8186084472556621,0.7425742574257426,0.23728813559322035,1.5865996649916247,310.93220338983053,22895.79201378914,7
Bot_199,RNN,22,0.012371865059789506,35,0.07711406996845252,0.14072453408095054,12,0.001788011035734647,"AlwaysDefect,Random,GrimTrigger",3,0.2169179229480737,0.7013269523602349,0.6997578692493948,0.3050847457627119,1.6597989949748744,327.47457627118644,41213.16460787131,3
Bot_200,LSTM,18,0.005843247969938192,48,0.09864717487821834,0.05733447314002849,10,0.0013162725069526093,"Opposite,Pavlov,TitforTat,MajorityRule,TitForTwoTats,Random,AlwaysDefect,TwoTitsForTat",8,0.11943048576214406,0.8191011235955056,0.84,0.288135593220339,1.2927973199329983,259.77966101694915,5710.646365986785,8
Bot_201,LSTM,14,0.012094275371142344,49,0.19884001995913847,0.09441504716790072,12,0.0015942038600638853,"TitforTat,TwoTitsForTat,GrimTrigger,MajorityRule",4,0.09296482412060302,0.8543195934500283,0.6923076923076923,0.3559322033898305,1.3341708542713568,265.47457627118644,4164.215455328927,4
Bot_202,RNN,21,0.006983607831721895,42,0.11433631851950432,0.09830194224343149,10,0.0014454388057672494,"GrimTrigger,Pavlov,Opposite,AlwaysCooperate,TitForTwoTats",5,0.26767169179229483,0.6678321678321678,0.892128279883382,0.11864406779661017,1.2425460636515913,248.38983050847457,16941.11921861534,5
Bot_203,RNN,29,0.005810086155572208,23,0.18495211836921382,0.1025665805218053,14,0.0032499945187948447,"TwoTitsForTat,GrimTrigger,Pavlov,Opposite,Random",5,0.15209380234505862,0.7593636729762384,0.7839643652561247,0.2711864406779661,1.4963149078726967,297.45762711864404,14601.50244182706,5
Bot_204,RNN,8,0.029164967654844585,23,0.1542982123088404,0.06798962082814047,11,0.00299939628636778,"TwoTitsForTat,TitforTat,GrimTrigger,MajorityRule,AlwaysDefect,AlwaysCooperate,Random",7,0.1492462311557789,0.8021849395239953,0.8485639686684073,0.15254237288135594,1.396147403685092,279.66101694915255,19893.613904050562,7
Bot_205,RNN,9,0.009578071326363763,34,0.08592725681051358,0.12573018745038947,13,0.0023048106156034957,"AlwaysCooperate,AlwaysDefect,TwoTitsForTat,Opposite,TitForTwoTats",5,0.16046901172529313,0.7627249854848074,0.8678038379530917,0.1864406779661017,1.3529313232830822,268.96610169491527,14896.507325481185,5
Bot_206,LSTM,29,0.009813673651892648,37,0.1024192181937886,0.06345018277004805,11,0.0021348117893754287,"GrimTrigger,Pavlov,TitforTat",3,0.13115577889447236,0.7969816001653918,0.38565022421524664,0.3389830508474576,1.5922948073701844,318.79661016949154,36785.1789715599,3
Bot_207,LSTM,19,0.006111182080687342,49,0.08410488548013341,0.06134755928650401,13,0.0018120541739797139,"AlwaysDefect,Random,TwoTitsForTat,GrimTrigger,TitForTwoTats,AlwaysCooperate",6,0.08743718592964825,0.8299522673031027,0.7338129496402878,0.3050847457627119,1.5236180904522614,303.22033898305085,23169.493823613906,6
Bot_208,RNN,15,0.012270128979653743,31,0.07361033674820691,0.11212007646696337,12,0.001192973180705751,"AlwaysDefect,TwoTitsForTat,AlwaysCooperate",3,0.19246231155778895,0.760542487815215,0.7240740740740741,0.1694915254237288,1.597822445561139,320.22033898305085,39356.1717897156,3
Bot_209,LSTM,13,0.028431435101431958,34,0.12153872706153454,0.09334502279943124,16,0.0024868725220536033,"MajorityRule,AlwaysCooperate,Random,Pavlov,Opposite,TwoTitsForTat",6,0.12311557788944724,0.8184500393391031,0.8177570093457944,0.2542372881355932,1.4450586264656617,287.20338983050846,14797.755242746336,6
Bot_210,RNN,17,0.006229979430994643,44,0.09087507834308822,0.07494916869657745,15,0.008632692171842201,"TitForTwoTats,AlwaysDefect,Opposite,GrimTrigger,Random,TwoTitsForTat",6,0.2819095477386935,0.6853801169590643,0.9235181644359464,0.1016949152542373,1.230820770519263,234.40677966101694,25179.631140476875,6
Bot_211,RNN,29,0.01381044872292268,28,0.08477807875009624,0.05219493930602682,11,0.0028458761686291426,"GrimTrigger,Random,Opposite,AlwaysDefect",4,0.27839195979899495,0.6426008021954823,0.8839285714285715,0.1694915254237288,1.4775544388609716,296.3220338983051,31714.964090778518,4
Bot_212,RNN,31,0.01616489065571874,33,0.15899619125389833,0.09421644748012784,15,0.007822364393381255,"AlwaysDefect,Opposite,AlwaysCooperate,TitforTat,Pavlov",5,0.22160804020100502,0.7117747117747117,0.9133709981167607,0.1864406779661017,1.2108877721943048,239.61016949152543,8787.525998276358,5
Bot_213,RNN,14,0.027337562436362102,45,0.181768641194976,0.0947936509453222,14,0.0024052016162730847,"Random,TwoTitsForTat,Opposite,AlwaysDefect,Pavlov,TitForTwoTats",6,0.15912897822445563,0.7916018662519441,0.8966861598440545,0.1016949152542373,1.3700167504187604,267.03389830508473,19325.795461074405,6
Bot_214,LSTM,17,0.00829218947212757,47,0.0863202880159362,0.19178914556702112,14,0.0010926087929191166,"AlwaysDefect,Random,Opposite,TwoTitsForTat",4,0.00016750418760469013,0.9405503113074914,1.0,0.4576271186440678,1.663819095477387,329.40677966101697,34918.17351335822,4
Bot_215,RNN,23,0.04824814175570916,48,0.08905711084691467,0.11625562941245318,13,0.0066726641677570244,"AlwaysDefect,MajorityRule,Pavlov,Opposite,AlwaysCooperate,TitForTwoTats,GrimTrigger,TitforTat",8,0.22780569514237856,0.7120063821300359,0.8910012674271229,0.11864406779661017,1.383249581239531,275.8135593220339,34234.931341568525,8
Bot_216,LSTM,17,0.007902875024391928,24,0.16265133254336042,0.1478024303613255,14,0.007561953611001254,"TwoTitsForTat,Random,Opposite",3,0.11842546063651592,0.8146560124732021,0.837465564738292,0.22033898305084745,1.428140703517588,279.23728813559325,19760.486067222064,3
Bot_217,RNN,29,0.013578956610083308,39,0.07501499103636572,0.1643543983951281,14,0.00587755545346562,"AlwaysDefect,Pavlov,Opposite,GrimTrigger,TwoTitsForTat,TitForTwoTats,Random",7,0.39865996649916247,0.5747561218395382,0.8914616497829233,0.1016949152542373,1.1423785594639866,222.35593220338984,11065.754668198791,7
Bot_218,LSTM,8,0.01324689026554134,33,0.16335141481136656,0.08021308329821085,16,0.0012691648128801585,"AlwaysDefect,GrimTrigger,TitforTat,TwoTitsForTat,Pavlov",5,0.12445561139028476,0.8196190476190476,0.7226277372262774,0.2711864406779661,1.3350083752093802,264.8305084745763,6687.428899741455,5
Bot_219,RNN,12,0.0407132324853358,27,0.16878801480968825,0.10609624973696441,16,0.006713266292447663,"TitforTat,TwoTitsForTat,TitForTwoTats,GrimTrigger",4,0.16030150753768843,0.7794763997706861,0.8044871794871795,0.13559322033898305,1.316750418760469,263.33898305084745,10471.715598965815,4
Bot_220,RNN,25,0.01946875546459164,20,0.17707846632770885,0.07934188023925012,12,0.0010558889272795544,"TwoTitsForTat,TitForTwoTats,Pavlov,MajorityRule,TitforTat",5,0.37537688442211053,0.587389607722325,0.8509933774834437,0.0847457627118644,1.2765494137353435,255.1864406779661,19334.151680551568,5
Bot_221,RNN,8,0.011604029261394868,33,0.19405305722106003,0.050371926263347334,16,0.003665498443746594,"AlwaysCooperate,Pavlov,TitforTat,GrimTrigger,Random,MajorityRule,Opposite",7,0.3969849246231156,0.5697872340425532,0.7965451055662188,0.11864406779661017,1.3748743718592964,275.6101694915254,39804.23786268315,7
Bot_222,LSTM,32,0.03675641093651165,27,0.06475473942629237,0.15013550639404027,16,0.0018299169301279634,"AlwaysCooperate,Pavlov,TwoTitsForTat,Opposite,Random,MajorityRule,AlwaysDefect",7,0.0,0.9136015325670498,0.0,0.5084745762711864,1.5025125628140703,293.91525423728814,14302.280953748921,7
Bot_223,LSTM,28,0.010814624224173156,39,0.06606600099453681,0.06989120108190316,11,0.0023746219958913663,"MajorityRule,GrimTrigger,Random",3,0.0005025125628140704,0.9411121239744759,0.75,0.4745762711864407,1.32428810720268,263.8135593220339,3627.4737144498704,3
Bot_224,LSTM,16,0.02955048141940622,45,0.18645477953220713,0.05329280828970675,16,0.00691078427117177,"TitforTat,AlwaysDefect,TwoTitsForTat",3,0.3680067001675042,0.5956878850102669,0.8684210526315789,0.1016949152542373,1.2830820770519262,255.38983050847457,17530.27176098822,3
Bot_225,RNN,17,0.024450769828263698,21,0.08250400776790323,0.07024363380053514,17,0.003558042679934731,"Opposite,TitforTat,AlwaysCooperate,AlwaysDefect,GrimTrigger,TwoTitsForTat,TitForTwoTats,MajorityRule",8,0.1844221105527638,0.7721946375372393,0.8854748603351955,0.1016949152542373,1.399497487437186,277.91525423728814,18953.501292731977,8
Bot_226,RNN,29,0.012843619038671993,21,0.07912727774223369,0.18025707498988308,17,0.0014496753538906207,"Random,AlwaysCooperate,AlwaysDefect,TwoTitsForTat,TitForTwoTats",5,0.19614740368509212,0.743847027641045,0.949671772428884,0.3220338983050847,1.2445561139028476,247.3728813559322,11749.623671358802,5
Bot_227,LSTM,28,0.03397268414392303,29,0.16258380125816504,0.14530871918456856,16,0.0010250951401580691,"AlwaysCooperate,Random,Opposite,GrimTrigger,MajorityRule,TitForTwoTats,TwoTitsForTat",7,0.01440536013400335,0.9311608175858079,0.8524590163934426,0.3728813559322034,1.510217755443886,302.40677966101697,19181.326055731108,7
Bot_228,RNN,12,0.034554489758815386,50,0.17945524148651015,0.17424793133900013,19,0.001340779822650862,"Pavlov,Opposite,AlwaysDefect,TwoTitsForTat",4,0.19061976549413737,0.7361169102296451,0.8592814371257486,0.3050847457627119,1.5698492462311557,314.54237288135596,42821.739729962654,4
Bot_229,LSTM,13,0.025141832872510348,38,0.08269504820489791,0.10789683030533669,17,0.00694599616118987,"TitForTwoTats,Pavlov,Opposite,GrimTrigger,TwoTitsForTat,MajorityRule,AlwaysCooperate",7,0.09112227805695143,0.8514252245216712,0.8351063829787234,0.1864406779661017,1.468174204355109,293.3898305084746,27966.034472852632,7
Bot_230,LSTM,19,0.014818755634486166,40,0.18853848303170762,0.11877345834483162,12,0.0017570706369801291,"AlwaysCooperate,Pavlov,AlwaysDefect",3,0.007202680067001675,0.9226618705035972,0.16129032258064516,0.423728813559322,1.639363484087102,328.3898305084746,27580.542947428898,3
Bot_231,RNN,20,0.008723091853693778,49,0.12912421349806966,0.14061679726909496,18,0.0011530963086520286,"Opposite,MajorityRule,TitForTwoTats,Random,TitforTat",5,0.31206030150753766,0.664291217257319,0.9028871391076115,0.15254237288135594,1.1512562814070353,227.54237288135593,11857.909221488077,5
Bot_232,LSTM,9,0.027105822873715817,27,0.1820221672896446,0.08726212259045912,19,0.0020043306904602267,"Opposite,Random,MajorityRule",3,0.0006700167504187605,0.9253523922970022,0.6666666666666666,0.4745762711864407,1.62428810720268,325.33898305084745,32673.47831083023,3
Bot_233,RNN,32,0.006026296161609078,42,0.06569804590143843,0.07011272539015037,14,0.004932532631528674,"Opposite,AlwaysCooperate,GrimTrigger,TwoTitsForTat",4,0.29447236180904524,0.6666666666666666,0.8678899082568807,0.13559322033898305,1.196147403685092,237.71186440677965,15683.391554151107,4
Bot_234,RNN,23,0.005747368880246636,48,0.07624339213012692,0.19679738630199783,11,0.0013784191217086931,"AlwaysCooperate,TwoTitsForTat,Pavlov",3,0.28492462311557787,0.646050214329455,0.9175257731958762,0.2542372881355932,1.374539363484087,274.49152542372883,27129.84314852054,3
Bot_235,LSTM,29,0.006552129228719215,37,0.05500169170775087,0.12668411733291887,11,0.0027699064442477973,"Pavlov,AlwaysCooperate,Random,Opposite",4,0.0006700167504187605,0.893304192330618,1.0,0.4406779661016949,1.6271356783919597,325.7118644067797,29328.84918126975,4
Bot_236,LSTM,22,0.013507684466897697,39,0.1469796580550813,0.09841874170717918,16,0.0022073731646764703,"Random,Pavlov,Opposite,MajorityRule,AlwaysDefect,GrimTrigger,TitforTat,AlwaysCooperate",8,0.047906197654941376,0.897244094488189,0.8571428571428571,0.4406779661016949,1.5234505862646566,301.9491525423729,26553.099109451305,8
Bot_237,RNN,32,0.03509770375024472,48,0.10746181068733408,0.11573610415742307,14,0.0011026488715435213,"TitforTat,Opposite,TwoTitsForTat,AlwaysDefect,AlwaysCooperate,GrimTrigger,MajorityRule",7,0.3331658291457286,0.594655704008222,0.9380776340110907,0.1864406779661017,1.359463986599665,271.0169491525424,41112.32174662454,7
Bot_238,RNN,16,0.014107885844600392,22,0.13326337395127208,0.10393193316350102,17,0.0038596790698748034,"AlwaysDefect,AlwaysCooperate,TitforTat,TitForTwoTats,MajorityRule,GrimTrigger,TwoTitsForTat",7,0.17671691792294808,0.7634555382215289,0.8895463510848125,0.1694915254237288,1.3539363484087101,269.6101694915254,8433.356506750935,7
Bot_239,RNN,15,0.00853223939178231,47,0.1601941699930859,0.08826647088732623,13,0.0015312110813166548,"TitForTwoTats,GrimTrigger,AlwaysDefect,TitforTat,Random",5,0.1695142378559464,0.7842525823426233,0.8192982456140352,0.1694915254237288,1.3609715242881073,271.8305084745763,20517.361103131283,5
Bot_240,LSTM,30,0.013118564354424544,21,0.12870054962648375,0.1842245572540317,16,0.0028295660114253723,"Pavlov,Opposite,MajorityRule,TwoTitsForTat,GrimTrigger,AlwaysDefect,Random",7,0.0,0.9650532610726967,0.0,0.423728813559322,1.4147403685092128,282.93220338983053,29813.41913243321,7
Bot_241,LSTM,28,0.01462145603635166,45,0.1210940236230026,0.14303807241015695,18,0.006086416420390923,"Opposite,Random,GrimTrigger,Pavlov,MajorityRule,TitforTat",6,0.09279731993299832,0.8261970048512972,0.5821596244131455,0.3389830508474576,1.7135678391959799,342.1525423728813,40879.95978167194,6
Bot_242,RNN,24,0.007787995535901032,22,0.05441858799373361,0.17717851289192127,20,0.0017939567436590555,"MajorityRule,Opposite,GrimTrigger,Random,AlwaysCooperate,Pavlov",6,0.2098827470686767,0.7577092511013216,0.8154761904761905,0.2542372881355932,1.241708542713568,247.32203389830508,7397.743751795461,6
Bot_243,RNN,17,0.03910443833158156,40,0.12410674077811046,0.0753429349526163,14,0.004679651899686015,"MajorityRule,GrimTrigger,Opposite,AlwaysCooperate,TwoTitsForTat,TitforTat",6,0.1678391959798995,0.7656376929325751,0.8500797448165869,0.15254237288135594,1.5038525963149079,301.2881355932203,33500.03562194772,6
Bot_244,RNN,21,0.03127843437878265,24,0.14628639842489052,0.05065104284518399,14,0.0010299851625086625,"AlwaysCooperate,TitForTwoTats,GrimTrigger,Random",4,0.2981574539363484,0.672327286761868,0.8966565349544073,0.05084745762711865,1.1748743718592964,236.08474576271186,9076.518241884514,4
Bot_245,RNN,19,0.019397878309553588,29,0.06120892205802357,0.08420079765056233,18,0.00206198856136041,"AlwaysDefect,TitforTat,Opposite",3,0.12964824120603016,0.8207600680657969,0.8632958801498127,0.1694915254237288,1.3134003350083752,261.7457627118644,20996.291295604704,3
Bot_246,LSTM,31,0.013876914045420167,33,0.06151493456076674,0.18173254913343298,18,0.008100078211820573,"Pavlov,Random,TitforTat,Opposite,AlwaysCooperate,TwoTitsForTat,MajorityRule,GrimTrigger",8,0.0,0.9344534711964549,0.0,0.4915254237288136,1.3711892797319933,273.3050847457627,7552.11031312841,8
Bot_247,LSTM,11,0.019239340469732618,21,0.19959284201637367,0.07083596572215718,14,0.007435107103474414,"Opposite,MajorityRule,Pavlov,Random,AlwaysDefect,GrimTrigger,TwoTitsForTat,TitforTat",8,0.12613065326633166,0.8023893458676067,0.7355555555555555,0.2033898305084746,1.4360134003350085,280.93220338983053,14291.419132433206,8
Bot_248,LSTM,23,0.04083052855201088,47,0.14314282689639884,0.1520951092274848,14,0.0018297577225588676,"TwoTitsForTat,Pavlov,TitForTwoTats,MajorityRule,AlwaysDefect,AlwaysCooperate",6,0.06515912897822446,0.9073893546500292,0.7202797202797202,0.3728813559322034,1.4606365159128978,292.10169491525426,11038.091353059468,6
Bot_249,LSTM,20,0.023309248101109285,31,0.1565071042155347,0.06155809325747162,14,0.006823783642968243,"Random,Opposite,TitforTat,Pavlov",4,0.08006700167504188,0.8750737753295298,0.696969696969697,0.2542372881355932,1.5008375209380234,299.6271186440678,28089.894857799485,4
Bot_250,LSTM,27,0.03899771944300836,26,0.09614008293437415,0.1394633054089677,18,0.009460936085785555,"GrimTrigger,TitforTat,Random,AlwaysDefect,TitForTwoTats,Pavlov",6,0.09095477386934674,0.8491663435440093,0.8282828282828283,0.288135593220339,1.433500837520938,286.4237288135593,17521.159436943406,6
Bot_251,LSTM,26,0.01471841903535636,20,0.10398674563288425,0.10346602141453604,10,0.008913927141835561,"AlwaysCooperate,TwoTitsForTat,TitForTwoTats,Pavlov,TitforTat",5,0.18911222780569514,0.6933983163491361,0.6327543424317618,0.22033898305084745,1.753433835845896,351.4237288135593,52700.61706406204,5
Bot_252,RNN,13,0.018240413566204924,21,0.08864702264822676,0.15607495991948503,11,0.005493917363892804,"TitForTwoTats,Random,TitforTat,Pavlov,MajorityRule",5,0.2628140703517588,0.6409445498629559,0.8495971351835273,0.1694915254237288,1.503350083752094,296.1525423728813,21968.60384946855,5
Bot_253,LSTM,10,0.03220897115183383,27,0.18794432699337443,0.13510032467607289,14,0.002675988992698609,"MajorityRule,Opposite,Pavlov,TwoTitsForTat,AlwaysCooperate",5,0.06968174204355108,0.8837078651685393,0.8562091503267973,0.288135593220339,1.3487437185929647,268.96610169491527,17595.320884803215,5
Bot_254,RNN,25,0.009456409286235997,33,0.12213531026332752,0.08556119139577809,11,0.002590792633285142,"GrimTrigger,Pavlov,TitforTat,Random,Opposite,TwoTitsForTat,AlwaysDefect",7,0.2155778894472362,0.7500510099979596,0.8177641653905053,0.22033898305084745,1.444388609715243,284.76271186440675,23053.130135018673,7
Bot_255,LSTM,25,0.02650275446901832,33,0.18370732819620916,0.05627852436317039,14,0.0017752572085850096,"AlwaysDefect,TwoTitsForTat,TitForTwoTats,AlwaysCooperate,Opposite,GrimTrigger",6,0.006867671691792295,0.9276427360090447,1.0,0.4067796610169492,1.4373534338358458,287.50847457627117,21205.19908072393,6
Bot_256,LSTM,19,0.0484373991978442,43,0.11211119041331483,0.1690104424099053,19,0.003768035904008662,"Pavlov,GrimTrigger,Random",3,0.02964824120603015,0.9132385938668661,0.7768595041322315,0.3559322033898305,1.3844221105527639,275.8813559322034,10923.257110025854,3
Bot_257,LSTM,13,0.005542255198058201,23,0.08253282294338854,0.07255537357781126,20,0.00354615478728211,"Pavlov,MajorityRule,TitforTat,Opposite,GrimTrigger,TwoTitsForTat,TitForTwoTats",7,0.08090452261306533,0.8617840375586855,0.8825757575757576,0.2033898305084746,1.3393634840871023,263.864406779661,9212.523987359953,7
Bot_258,LSTM,12,0.009728468491662855,32,0.1135888164366759,0.06375557766252814,12,0.0018475132622701221,"TwoTitsForTat,Opposite,AlwaysCooperate,TitforTat,Pavlov,AlwaysDefect,Random,TitForTwoTats",8,0.1202680067001675,0.8179185170882409,0.7574468085106383,0.2542372881355932,1.3919597989949748,278.135593220339,17369.87991956334,8
Bot_259,LSTM,14,0.034075903207732725,24,0.12049606269224115,0.07343030790663047,10,0.005983187566740948,"AlwaysDefect,MajorityRule,GrimTrigger,TwoTitsForTat",4,0.10653266331658291,0.8311637847289683,0.8861386138613861,0.2542372881355932,1.4251256281407034,284.89830508474574,21214.904912381495,4
Bot_260,RNN,10,0.022268884286951736,34,0.17140070075200656,0.09369986369670126,14,0.007335510325978635,"GrimTrigger,AlwaysDefect,Pavlov,TitforTat,TwoTitsForTat,Random",6,0.16499162479061977,0.7569218241042345,0.828125,0.1694915254237288,1.5,299.8813559322034,20027.73168629704,6
Bot_261,RNN,19,0.0077635879330365,22,0.17752360360013586,0.1069490724125764,17,0.009744712853666824,"AlwaysCooperate,TitForTwoTats,Opposite,Pavlov,TwoTitsForTat,GrimTrigger,Random",7,0.19798994974874373,0.6984884645982498,0.90625,0.1694915254237288,1.3958123953098827,279.3728813559322,20057.725366274055,7
Bot_262,LSTM,11,0.005640543325654431,27,0.07093040544639186,0.19314367751240996,11,0.00797025740164978,"GrimTrigger,AlwaysCooperate,AlwaysDefect,Opposite,MajorityRule,TwoTitsForTat,TitForTwoTats",7,0.1221105527638191,0.7871996769634565,0.7827102803738318,0.22033898305084745,1.5345058626465662,306.77966101694915,23649.527721918992,7
Bot_263,LSTM,29,0.009388843215411882,40,0.1231240904664163,0.07072440541994854,19,0.005481099423261574,"AlwaysCooperate,AlwaysDefect,Opposite,TwoTitsForTat,MajorityRule",5,0.020603015075376884,0.9052981354993539,0.7586206896551725,0.3898305084745763,1.3462311557788944,267.79661016949154,6967.924734271761,5
Bot_264,RNN,30,0.0210463236779761,26,0.17303346863103397,0.05683620328117318,16,0.0019906960840062873,"Pavlov,AlwaysDefect,GrimTrigger",3,0.25108877721943046,0.6966158717593509,0.8413284132841328,0.11864406779661017,1.3268006700167505,265.4237288135593,16781.46452168917,3
Bot_265,LSTM,8,0.018660227526821557,39,0.1658443904410164,0.10647162106679418,19,0.004357669644677041,"TitForTwoTats,Pavlov,TitforTat,MajorityRule,AlwaysCooperate,AlwaysDefect",6,0.140536013400335,0.7780774417260643,0.887468030690537,0.22033898305084745,1.3547738693467337,270.8474576271187,9683.485205400748,6
Bot_266,LSTM,31,0.006362999543010238,50,0.11694994609653538,0.1939236926392288,15,0.004831421299610904,"Opposite,Pavlov,MajorityRule,TitforTat,AlwaysCooperate,TitForTwoTats,Random",7,0.13082077051926297,0.8361628144814891,0.6195652173913043,0.3728813559322034,1.5236180904522614,303.96610169491527,9705.490376328638,7
Bot_267,RNN,27,0.031014925397000525,20,0.16918534519721445,0.05871897959709867,19,0.00962837935833049,"TwoTitsForTat,Random,Pavlov,AlwaysCooperate",4,0.19748743718592965,0.7563404095434905,0.8945578231292517,0.13559322033898305,1.2177554438860971,241.66101694915255,12855.410514220051,4
Bot_268,LSTM,20,0.011790965254583263,50,0.06205821173540331,0.06571157430402569,15,0.005984139051748493,"Pavlov,Opposite,GrimTrigger",3,0.15142378559463987,0.779213266486695,0.5992907801418439,0.2033898305084746,1.3624790619765494,271.08474576271186,30961.874174087905,3
Bot_269,RNN,23,0.03890815832689797,24,0.1311625797968577,0.057004674976398405,20,0.00848516240720307,"TitForTwoTats,AlwaysDefect,Random",3,0.490787269681742,0.4629140418614103,0.9224489795918367,0.05084745762711865,1.1212730318257957,224.42372881355934,15999.396725079,3
Bot_270,LSTM,14,0.011141907249467483,34,0.11607496379994696,0.06139365019638833,15,0.0025474779700874217,"AlwaysDefect,Pavlov,TitforTat,GrimTrigger,TwoTitsForTat",5,0.11155778894472362,0.806175956496407,0.8338192419825072,0.3050847457627119,1.4195979899497488,283.50847457627117,7705.402470554439,5
Bot_271,RNN,8,0.0237244920462977,32,0.05927302997600027,0.1100750923849025,20,0.0026163705543592,"Opposite,TwoTitsForTat,Pavlov,AlwaysDefect",4,0.11976549413735343,0.7870668815471394,0.7866108786610879,0.1864406779661017,1.5311557788944723,305.8813559322034,22375.121516805517,4
Bot_272,RNN,23,0.034508107075195464,41,0.1029394367294908,0.08053946159788178,15,0.005863211768373898,"GrimTrigger,TwoTitsForTat,MajorityRule",3,0.30569514237855944,0.6324699163777279,0.8364779874213836,0.1694915254237288,1.3522613065326634,269.1525423728813,17020.400459638036,3
Bot_273,LSTM,20,0.011233654084216983,50,0.14167991665813912,0.18365364885121882,14,0.006442358185113874,"Pavlov,AlwaysCooperate,MajorityRule,TwoTitsForTat",4,0.06063651591289782,0.8684612447499045,0.7575757575757576,0.2542372881355932,1.4185929648241207,283.135593220339,10698.388394139614,4
Bot_274,LSTM,11,0.035975616873712285,49,0.1282683130951291,0.15136798334393137,15,0.0013767496963416046,"TitForTwoTats,MajorityRule,Random,TwoTitsForTat,GrimTrigger",5,0.06834170854271357,0.8835815122800232,0.5315315315315315,0.3898305084745763,1.4505862646566163,289.9830508474576,9899.23700086182,5
Bot_275,RNN,15,0.027052039730916022,39,0.17043892769084404,0.1725807499479404,11,0.0019808610705144,"Random,TitforTat,MajorityRule,TitForTwoTats",4,0.19212730318257956,0.7610635924135366,0.8953488372093024,0.15254237288135594,1.1748743718592964,233.20338983050848,8026.399310542947,4
Bot_276,RNN,9,0.04943461480847712,47,0.13181816904169963,0.08003007830074407,14,0.005165026907430295,"GrimTrigger,Random,Pavlov,TwoTitsForTat,TitForTwoTats",5,0.19597989949748743,0.7347535505430243,0.800524934383202,0.13559322033898305,1.554103852596315,308.91525423728814,24932.721631715027,5
Bot_277,LSTM,13,0.0172879863118611,30,0.06082605590296654,0.0816693226795409,20,0.001121003754994517,"TitforTat,Random,AlwaysCooperate",3,0.0964824120603015,0.8268537074148297,0.5777777777777777,0.3898305084745763,1.5455611390284758,308.22033898305085,22152.64636598679,3
Bot_278,LSTM,24,0.04499520529650914,35,0.07130384148883934,0.10031407161679763,11,0.009214852529650368,"Pavlov,TwoTitsForTat,AlwaysDefect,TitforTat,Opposite,MajorityRule,Random",7,0.19212730318257956,0.7529655432122011,0.9087591240875913,0.13559322033898305,1.2256281407035177,244.5084745762712,5673.673656995117,7
Bot_279,RNN,31,0.025422365218953597,33,0.19433665211664108,0.16659913541812177,13,0.0015498921971721811,"MajorityRule,TwoTitsForTat,AlwaysDefect,GrimTrigger,AlwaysCooperate,Random,TitForTwoTats,Pavlov",8,0.4113902847571189,0.5815645845967253,0.6442048517520216,0.13559322033898305,1.1790619765494137,232.88135593220338,24901.426601551277,8
Bot_280,RNN,21,0.011198875878887184,29,0.09339739441005285,0.1574339045837797,18,0.006102560253302406,"TwoTitsForTat,AlwaysCooperate,Random,TitForTwoTats,Pavlov,GrimTrigger,AlwaysDefect",7,0.19078726968174203,0.7202042018456706,0.7891737891737891,0.2711864406779661,1.3653266331658291,273.91525423728814,15426.925021545532,7
Bot_281,RNN,22,0.011893093862049313,28,0.12269488254691581,0.05976027175714962,16,0.006070358852889808,"TitForTwoTats,Opposite,Pavlov,Random",4,0.20485762144053601,0.7142283764800321,0.8416289592760181,0.15254237288135594,1.4190954773869346,282.7118644067797,26048.5101982189,4
Bot_282,LSTM,32,0.020029150754098994,48,0.19371661004163843,0.05933223411545692,16,0.007663941228560368,"Opposite,TitForTwoTats,GrimTrigger",3,0.1897822445561139,0.7186586079157731,0.8214285714285714,0.1864406779661017,1.3536013400335007,269.7457627118644,15897.91841424878,3
Bot_283,LSTM,32,0.012470512866393715,24,0.09363688704836107,0.07851457269437954,11,0.009459549403564574,"TitForTwoTats,Random,AlwaysCooperate,GrimTrigger,Pavlov,Opposite,AlwaysDefect",7,0.1494137353433836,0.7771321851006433,0.6984126984126984,0.2711864406779661,1.5963149078726968,317.52542372881356,37088.24935363401,7
Bot_284,LSTM,22,0.009796526745529048,33,0.11505481956703498,0.11422991242324239,20,0.0022402103891883012,"Pavlov,TitforTat,GrimTrigger,TwoTitsForTat,AlwaysDefect,TitForTwoTats,MajorityRule,Opposite",8,0.07319932998324959,0.8538906512409031,0.7435897435897436,0.3220338983050847,1.325963149078727,262.2542372881356,4820.596380350472,8
Bot_285,LSTM,10,0.024860549300595666,27,0.15219505823642449,0.0702872440737889,13,0.001682646238752113,"AlwaysCooperate,MajorityRule,GrimTrigger,AlwaysDefect",4,0.10753768844221105,0.8463955637707948,0.8213058419243987,0.2033898305084746,1.2571189279731994,249.4915254237288,7923.7075553002005,4
Bot_286,LSTM,25,0.0056887574891796465,42,0.13159511965315523,0.17416004386960401,16,0.002295473729144449,"Opposite,MajorityRule,TitForTwoTats,GrimTrigger,TwoTitsForTat,AlwaysCooperate,Pavlov,TitforTat",8,0.024790619765494137,0.9158631121194933,0.8058252427184467,0.3898305084745763,1.427638190954774,280.91525423728814,9631.128411376043,8
Bot_287,LSTM,30,0.03734524266134917,28,0.08299935837989633,0.16701033276352345,15,0.0069533190803709975,"Random,TitForTwoTats,AlwaysDefect,TwoTitsForTat,MajorityRule,Pavlov,AlwaysCooperate",7,0.10887772194304858,0.8265765765765766,0.8505747126436781,0.3898305084745763,1.315577889447236,260.0,12643.389830508475,7
Bot_288,RNN,26,0.032888618591572605,42,0.0991153635120492,0.15877168591397123,18,0.0024922485377055752,"TitForTwoTats,AlwaysDefect,MajorityRule,Opposite",4,0.04690117252931323,0.8744186046511628,0.7530864197530864,0.3898305084745763,1.4872696817420437,296.5593220338983,21032.178684286126,4
Bot_289,LSTM,11,0.005087280253589173,40,0.10827242197145863,0.08216024206947194,12,0.0013707765232772835,"MajorityRule,TwoTitsForTat,Opposite,TitForTwoTats,TitforTat,Pavlov",6,0.06716917922948074,0.8651769087523278,0.7635467980295567,0.3220338983050847,1.3239530988274706,261.1525423728813,5331.553002010915,6
Bot_290,LSTM,22,0.008147469692300579,21,0.08122684028933264,0.1292981334347316,15,0.002609858495412064,"Opposite,TwoTitsForTat,Random,TitforTat,AlwaysCooperate,AlwaysDefect,TitForTwoTats,GrimTrigger",8,0.048911222780569516,0.8908943419184749,0.46902654867256643,0.423728813559322,1.6299832495812396,325.1694915254237,26173.15771330077,8
Bot_291,RNN,27,0.009856933097469479,42,0.0731038212034121,0.140776347571033,11,0.005251196514221721,"TitForTwoTats,TitforTat,GrimTrigger,Random,MajorityRule",5,0.2981574539363484,0.6711711711711712,0.9206349206349206,0.1694915254237288,1.226465661641541,246.35593220338984,12162.568227520826,5
Bot_292,RNN,28,0.005446445865588886,43,0.16410794821953648,0.056331031543072986,15,0.0011841588608337795,"TitForTwoTats,GrimTrigger,TwoTitsForTat,TitforTat",4,0.26666666666666666,0.6508899676375405,0.9281437125748503,0.15254237288135594,1.3807370184254606,276.52542372881356,28178.65613329503,4
Bot_293,RNN,31,0.02746377323870047,26,0.18378897325619764,0.1423059164187116,16,0.001887716748469002,"GrimTrigger,MajorityRule,Opposite,TitForTwoTats,Random,TitforTat,AlwaysDefect",7,0.2105527638190955,0.7407770800627943,0.862258953168044,0.2711864406779661,1.3355108877721944,265.89830508474574,7967.277793737432,7
Bot_294,RNN,18,0.03146080197751653,29,0.14654336094661485,0.09784471709078615,16,0.0016943534230778382,"MajorityRule,Random,Opposite,AlwaysDefect,TitForTwoTats",5,0.12596314907872697,0.8039740160489109,0.8257080610021786,0.1864406779661017,1.3505862646566165,269.3050847457627,7922.381499569088,5
Bot_295,RNN,27,0.00626736786266542,29,0.1416493907400584,0.07635002626751915,16,0.009802608555215715,"Pavlov,TwoTitsForTat,TitforTat",3,0.22680067001675042,0.6939646807684844,0.9202898550724637,0.1016949152542373,1.2876046901172529,254.47457627118644,11967.537489227232,3
Bot_296,RNN,19,0.03928557569558494,22,0.16935437406143156,0.12263599956032503,10,0.0010055408038975055,"AlwaysCooperate,TitForTwoTats,Opposite,TitforTat,GrimTrigger,Random,MajorityRule,AlwaysDefect",8,0.26716917922948075,0.6819484240687679,0.8284182305630027,0.2033898305084746,1.193467336683417,239.8135593220339,8807.643205975293,8
Bot_297,LSTM,29,0.006440875849707611,42,0.07000768111317593,0.101374123554913,11,0.002780163499461722,"GrimTrigger,Random,Opposite,TitForTwoTats,TwoTitsForTat,AlwaysCooperate,MajorityRule",7,0.016080402010050253,0.9360353438340376,0.8571428571428571,0.4576271186440678,1.4892797319932998,297.40677966101697,26637.088767595516,7
Bot_298,LSTM,15,0.04790931796906,22,0.15303940411962438,0.136234997387994,10,0.005968240825345313,"Opposite,AlwaysCooperate,TwoTitsForTat,Random,Pavlov",5,0.1355108877721943,0.8066488345433702,0.7988826815642459,0.1864406779661017,1.341038525963149,267.76271186440675,17970.994541798333,5
Bot_299,RNN,19,0.008349588537351068,36,0.08424464480252092,0.13420957076081502,16,0.009348153580593734,"TitforTat,TitForTwoTats,Random,TwoTitsForTat,AlwaysCooperate,MajorityRule,AlwaysDefect,GrimTrigger",8,0.18743718592964825,0.753377697116354,0.7813688212927756,0.1694915254237288,1.4402010050251257,286.91525423728814,16583.297902901464,8
Bot_300,RNN,8,0.03478303914661056,24,0.1847405271594591,0.14275465507643226,16,0.0010283723349187375,"Pavlov,TitForTwoTats,GrimTrigger,MajorityRule,Random",5,0.1033500837520938,0.8433121019108281,0.8920454545454546,0.1864406779661017,1.208040201005025,240.05084745762713,5836.1160586038495,5
